origin,dest,year,asylum_apps
ARG,AUS,2009,5
ARG,AUS,2010,5
ARG,AUS,2015,7
ARG,AUS,2016,6
ARG,AUS,2017,12
ARG,AUS,2020,13
ARG,AUS,2022,6
ARG,AUS,2023,29
ARG,BEL,2010,8
ARG,BEL,2012,10
ARG,BEL,2013,11
ARG,BEL,2023,5
ARG,BOL,2012,5
ARG,BOL,2019,5
ARG,BRA,2015,6
ARG,BRA,2016,5
ARG,BRA,2017,21
ARG,BRA,2018,39
ARG,BRA,2019,67
ARG,BRA,2020,20
ARG,BRA,2021,8
ARG,BRA,2022,58
ARG,BRA,2023,126
ARG,CAN,2008,36
ARG,CAN,2009,38
ARG,CAN,2010,20
ARG,CAN,2011,12
ARG,CAN,2012,10
ARG,CAN,2013,5
ARG,CAN,2014,5
ARG,CAN,2015,16
ARG,CAN,2016,8
ARG,CAN,2017,24
ARG,CAN,2018,27
ARG,CAN,2019,30
ARG,CAN,2021,44
ARG,CAN,2022,78
ARG,CAN,2023,79
ARG,COL,2023,5
ARG,CRI,2017,5
ARG,CRI,2018,9
ARG,CRI,2019,9
ARG,CRI,2021,31
ARG,CRI,2022,44
ARG,DEU,2018,14
ARG,DEU,2019,16
ARG,DEU,2020,11
ARG,DEU,2021,5
ARG,DEU,2022,7
ARG,DEU,2023,24
ARG,ECU,2008,12
ARG,ECU,2009,16
ARG,ECU,2011,13
ARG,ECU,2012,5
ARG,ECU,2017,5
ARG,ECU,2018,5
ARG,ECU,2021,5
ARG,ECU,2022,5
ARG,ESP,2008,8
ARG,ESP,2012,5
ARG,ESP,2016,10
ARG,ESP,2017,20
ARG,ESP,2018,54
ARG,ESP,2019,272
ARG,ESP,2020,411
ARG,ESP,2021,285
ARG,ESP,2022,702
ARG,ESP,2023,1254
ARG,FRA,2008,6
ARG,FRA,2014,5
ARG,FRA,2018,5
ARG,FRA,2019,5
ARG,FRA,2020,11
ARG,FRA,2021,16
ARG,FRA,2022,13
ARG,FRA,2023,21
ARG,GBR,2011,5
ARG,GBR,2012,5
ARG,GBR,2016,5
ARG,GBR,2019,7
ARG,GBR,2020,14
ARG,GBR,2021,7
ARG,GBR,2022,22
ARG,GBR,2023,7
ARG,GTM,2023,6
ARG,HUN,2015,5
ARG,IRL,2022,5
ARG,IRL,2023,9
ARG,ISR,2019,5
ARG,ISR,2020,5
ARG,ISR,2023,5
ARG,ITA,2016,5
ARG,ITA,2017,7
ARG,ITA,2018,9
ARG,ITA,2019,34
ARG,ITA,2020,17
ARG,ITA,2021,23
ARG,ITA,2022,68
ARG,ITA,2023,155
ARG,KOR,2018,5
ARG,KOR,2019,9
ARG,MEX,2011,6
ARG,MEX,2018,7
ARG,MEX,2019,30
ARG,MEX,2020,50
ARG,MEX,2021,201
ARG,MEX,2022,130
ARG,MEX,2023,151
ARG,NLD,2008,5
ARG,NLD,2019,5
ARG,NLD,2020,5
ARG,NLD,2021,6
ARG,NLD,2022,5
ARG,NZL,2020,5
ARG,PER,2011,9
ARG,PER,2013,7
ARG,PER,2018,10
ARG,PER,2019,5
ARG,PER,2020,5
ARG,PER,2023,7
ARG,PRY,2019,6
ARG,PRY,2021,7
ARG,PRY,2023,10
ARG,RUS,2018,10
ARG,RUS,2023,5
ARG,SWE,2008,10
ARG,SWE,2010,5
ARG,SWE,2012,5
ARG,SWE,2013,6
ARG,SWE,2015,7
ARG,SWE,2016,5
ARG,SWE,2017,5
ARG,SWE,2018,11
ARG,SWE,2019,32
ARG,SWE,2020,6
ARG,SWE,2021,11
ARG,SWE,2022,18
ARG,SWE,2023,15
ARG,SYR,2014,5
ARG,SYR,2015,5
ARG,URY,2010,5
ARG,URY,2012,5
ARG,URY,2018,6
ARG,URY,2020,5
ARG,URY,2021,5
ARG,URY,2023,20
ARG,USA,2008,70
ARG,USA,2009,18
ARG,USA,2010,40
ARG,USA,2011,60
ARG,USA,2012,67
ARG,USA,2013,40
ARG,USA,2014,42
ARG,USA,2015,51
ARG,USA,2016,61
ARG,USA,2017,86
ARG,USA,2018,99
ARG,USA,2019,115
ARG,USA,2020,76
ARG,USA,2021,180
ARG,USA,2022,331
ARG,USA,2023,1025
ATG,AUS,2017,5
ATG,CAN,2008,16
ATG,CAN,2009,23
ATG,CAN,2010,13
ATG,CAN,2011,31
ATG,CAN,2012,32
ATG,CAN,2013,19
ATG,CAN,2014,20
ATG,CAN,2015,14
ATG,CAN,2016,29
ATG,CAN,2017,51
ATG,CAN,2018,26
ATG,CAN,2019,22
ATG,CAN,2021,22
ATG,CAN,2022,17
ATG,CAN,2023,17
ATG,GBR,2014,5
ATG,GBR,2016,5
ATG,GBR,2017,5
ATG,GBR,2018,5
ATG,GBR,2019,9
ATG,GBR,2020,7
ATG,GBR,2022,7
ATG,GBR,2023,5
ATG,USA,2010,5
ATG,USA,2012,5
ATG,USA,2014,5
ATG,USA,2015,5
ATG,USA,2019,10
ATG,USA,2023,6
BHS,AUS,2016,5
BHS,CAN,2008,14
BHS,CAN,2009,17
BHS,CAN,2010,15
BHS,CAN,2011,25
BHS,CAN,2012,18
BHS,CAN,2013,10
BHS,CAN,2014,23
BHS,CAN,2015,71
BHS,CAN,2016,102
BHS,CAN,2017,211
BHS,CAN,2018,233
BHS,CAN,2019,326
BHS,CAN,2020,264
BHS,CAN,2021,159
BHS,CAN,2022,840
BHS,CAN,2023,746
BHS,GBR,2010,5
BHS,ITA,2014,5
BHS,ITA,2015,5
BHS,ITA,2017,5
BHS,UKR,2018,5
BHS,USA,2008,16
BHS,USA,2009,13
BHS,USA,2010,14
BHS,USA,2011,23
BHS,USA,2012,18
BHS,USA,2013,15
BHS,USA,2014,16
BHS,USA,2015,19
BHS,USA,2016,30
BHS,USA,2017,27
BHS,USA,2018,42
BHS,USA,2019,31
BHS,USA,2020,39
BHS,USA,2021,87
BHS,USA,2022,129
BHS,USA,2023,788
BHS,ZAF,2010,5
BLZ,CAN,2010,5
BLZ,CAN,2011,6
BLZ,CAN,2014,7
BLZ,CAN,2015,5
BLZ,CAN,2016,5
BLZ,CAN,2017,7
BLZ,CAN,2018,5
BLZ,CAN,2022,5
BLZ,CAN,2023,6
BLZ,GBR,2010,5
BLZ,IRL,2019,5
BLZ,MEX,2010,5
BLZ,MEX,2017,5
BLZ,MEX,2018,6
BLZ,MEX,2019,26
BLZ,MEX,2020,10
BLZ,MEX,2021,53
BLZ,MEX,2022,20
BLZ,MEX,2023,42
BLZ,USA,2008,5
BLZ,USA,2009,16
BLZ,USA,2010,24
BLZ,USA,2011,39
BLZ,USA,2012,39
BLZ,USA,2013,43
BLZ,USA,2014,47
BLZ,USA,2015,35
BLZ,USA,2016,72
BLZ,USA,2017,77
BLZ,USA,2018,75
BLZ,USA,2019,95
BLZ,USA,2020,65
BLZ,USA,2021,42
BLZ,USA,2022,200
BLZ,USA,2023,638
BOL,ARG,2009,5
BOL,ARG,2017,5
BOL,ARG,2019,56
BOL,ARG,2020,65
BOL,ARG,2021,7
BOL,ARG,2022,5
BOL,ARG,2023,6
BOL,AUT,2009,5
BOL,AUT,2011,5
BOL,BRA,2008,24
BOL,BRA,2009,100
BOL,BRA,2010,19
BOL,BRA,2011,12
BOL,BRA,2012,7
BOL,BRA,2015,22
BOL,BRA,2016,15
BOL,BRA,2017,9
BOL,BRA,2018,25
BOL,BRA,2019,23
BOL,BRA,2020,29
BOL,BRA,2021,11
BOL,BRA,2022,41
BOL,BRA,2023,95
BOL,CAN,2008,16
BOL,CAN,2009,19
BOL,CAN,2010,10
BOL,CAN,2011,12
BOL,CAN,2012,7
BOL,CAN,2014,6
BOL,CAN,2015,10
BOL,CAN,2016,5
BOL,CAN,2017,7
BOL,CAN,2018,17
BOL,CAN,2019,14
BOL,CAN,2021,10
BOL,CAN,2022,36
BOL,CAN,2023,60
BOL,CHL,2010,5
BOL,CHL,2011,5
BOL,CHL,2012,5
BOL,CHL,2015,9
BOL,COL,2009,5
BOL,COL,2013,5
BOL,COL,2023,5
BOL,CRI,2008,10
BOL,CRI,2017,5
BOL,CRI,2021,9
BOL,CRI,2022,9
BOL,DEU,2021,6
BOL,DEU,2022,18
BOL,DEU,2023,5
BOL,ECU,2008,12
BOL,ECU,2009,9
BOL,ECU,2010,5
BOL,ECU,2013,5
BOL,ESP,2008,5
BOL,ESP,2009,5
BOL,ESP,2010,8
BOL,ESP,2011,7
BOL,ESP,2012,11
BOL,ESP,2013,5
BOL,ESP,2014,13
BOL,ESP,2015,12
BOL,ESP,2016,8
BOL,ESP,2017,16
BOL,ESP,2018,31
BOL,ESP,2019,112
BOL,ESP,2020,122
BOL,ESP,2021,93
BOL,ESP,2022,84
BOL,ESP,2023,187
BOL,FRA,2008,21
BOL,FRA,2009,11
BOL,FRA,2010,10
BOL,FRA,2011,9
BOL,FRA,2012,17
BOL,FRA,2013,5
BOL,FRA,2014,5
BOL,FRA,2015,5
BOL,FRA,2018,9
BOL,FRA,2019,36
BOL,FRA,2020,5
BOL,FRA,2021,15
BOL,FRA,2022,9
BOL,FRA,2023,12
BOL,GBR,2008,37
BOL,GBR,2009,14
BOL,GBR,2010,30
BOL,GBR,2011,53
BOL,GBR,2012,20
BOL,GBR,2013,6
BOL,GBR,2014,10
BOL,GBR,2015,25
BOL,GBR,2016,7
BOL,GBR,2017,9
BOL,GBR,2018,20
BOL,GBR,2019,44
BOL,GBR,2020,16
BOL,GBR,2021,10
BOL,GBR,2022,50
BOL,GBR,2023,78
BOL,GRC,2017,5
BOL,HRV,2022,7
BOL,HRV,2023,5
BOL,IRL,2009,5
BOL,IRL,2010,29
BOL,IRL,2011,11
BOL,IRL,2012,10
BOL,IRL,2014,5
BOL,IRL,2016,6
BOL,IRL,2017,5
BOL,IRL,2018,25
BOL,IRL,2019,19
BOL,IRL,2020,19
BOL,IRL,2021,19
BOL,IRL,2022,51
BOL,IRL,2023,129
BOL,ISL,2022,5
BOL,ITA,2008,5
BOL,ITA,2009,5
BOL,ITA,2014,5
BOL,ITA,2016,6
BOL,ITA,2017,5
BOL,ITA,2018,10
BOL,ITA,2019,18
BOL,ITA,2020,7
BOL,ITA,2022,7
BOL,ITA,2023,6
BOL,KOR,2018,5
BOL,MEX,2019,8
BOL,MEX,2020,10
BOL,MEX,2021,27
BOL,MEX,2022,34
BOL,MEX,2023,30
BOL,NLD,2008,5
BOL,NLD,2011,5
BOL,NLD,2022,7
BOL,NLD,2023,6
BOL,NZL,2008,5
BOL,PER,2009,11
BOL,PER,2010,5
BOL,PER,2011,5
BOL,PER,2016,5
BOL,PER,2018,10
BOL,PER,2019,6
BOL,PER,2020,5
BOL,PER,2021,8
BOL,PER,2022,5
BOL,PER,2023,16
BOL,PRT,2022,5
BOL,PRT,2023,5
BOL,PRY,2011,7
BOL,PRY,2012,5
BOL,PRY,2014,5
BOL,PRY,2020,5
BOL,PRY,2021,11
BOL,PRY,2022,5
BOL,PRY,2023,17
BOL,RUS,2023,5
BOL,SVN,2021,5
BOL,SVN,2023,5
BOL,SWE,2008,226
BOL,SWE,2009,90
BOL,SWE,2010,74
BOL,SWE,2011,77
BOL,SWE,2012,75
BOL,SWE,2013,127
BOL,SWE,2014,76
BOL,SWE,2015,44
BOL,SWE,2016,49
BOL,SWE,2017,58
BOL,SWE,2018,64
BOL,SWE,2019,71
BOL,SWE,2020,28
BOL,SWE,2021,14
BOL,SWE,2022,19
BOL,SWE,2023,30
BOL,URY,2015,5
BOL,URY,2021,5
BOL,URY,2022,5
BOL,URY,2023,7
BOL,USA,2008,26
BOL,USA,2009,40
BOL,USA,2010,39
BOL,USA,2011,57
BOL,USA,2012,71
BOL,USA,2013,52
BOL,USA,2014,62
BOL,USA,2015,46
BOL,USA,2016,100
BOL,USA,2017,100
BOL,USA,2018,112
BOL,USA,2019,121
BOL,USA,2020,65
BOL,USA,2021,248
BOL,USA,2022,605
BOL,USA,2023,2281
BRA,ARG,2014,5
BRA,ARG,2016,5
BRA,ARG,2018,5
BRA,ARG,2019,5
BRA,ARG,2020,5
BRA,ARG,2021,8
BRA,ARG,2022,6
BRA,ARG,2023,10
BRA,AUS,2008,5
BRA,AUS,2009,5
BRA,AUS,2010,8
BRA,AUS,2011,22
BRA,AUS,2012,26
BRA,AUS,2013,11
BRA,AUS,2014,19
BRA,AUS,2015,15
BRA,AUS,2016,27
BRA,AUS,2017,29
BRA,AUS,2018,33
BRA,AUS,2019,49
BRA,AUS,2020,82
BRA,AUS,2021,13
BRA,AUS,2022,270
BRA,AUS,2023,80
BRA,AUT,2013,5
BRA,AUT,2018,5
BRA,AUT,2023,5
BRA,BEL,2010,5
BRA,BEL,2013,5
BRA,BEL,2015,5
BRA,BEL,2016,6
BRA,BEL,2017,15
BRA,BEL,2018,30
BRA,BEL,2019,14
BRA,BEL,2020,429
BRA,BEL,2021,30
BRA,BEL,2022,70
BRA,BEL,2023,68
BRA,BOL,2015,5
BRA,CAN,2008,109
BRA,CAN,2009,95
BRA,CAN,2010,108
BRA,CAN,2011,72
BRA,CAN,2012,54
BRA,CAN,2013,11
BRA,CAN,2014,14
BRA,CAN,2015,48
BRA,CAN,2016,28
BRA,CAN,2017,384
BRA,CAN,2018,172
BRA,CAN,2019,373
BRA,CAN,2020,180
BRA,CAN,2021,143
BRA,CAN,2022,1339
BRA,CAN,2023,587
BRA,CHE,2013,5
BRA,CHE,2016,5
BRA,CHE,2018,5
BRA,CHE,2020,8
BRA,CHE,2022,12
BRA,CHE,2023,7
BRA,CHL,2018,5
BRA,CRI,2015,5
BRA,CRI,2019,10
BRA,CRI,2020,5
BRA,CRI,2021,191
BRA,CRI,2022,19
BRA,CRI,2023,5
BRA,DEU,2009,5
BRA,DEU,2011,6
BRA,DEU,2013,9
BRA,DEU,2014,8
BRA,DEU,2015,5
BRA,DEU,2016,17
BRA,DEU,2017,12
BRA,DEU,2018,37
BRA,DEU,2019,21
BRA,DEU,2020,23
BRA,DEU,2021,19
BRA,DEU,2022,55
BRA,DEU,2023,84
BRA,DNK,2013,5
BRA,DNK,2020,5
BRA,DNK,2022,5
BRA,ECU,2008,5
BRA,ECU,2009,5
BRA,ECU,2010,10
BRA,ECU,2017,8
BRA,ECU,2018,5
BRA,ECU,2019,8
BRA,ECU,2021,5
BRA,ECU,2022,5
BRA,ECU,2023,5
BRA,ESP,2008,9
BRA,ESP,2009,8
BRA,ESP,2010,5
BRA,ESP,2011,9
BRA,ESP,2012,5
BRA,ESP,2013,5
BRA,ESP,2014,10
BRA,ESP,2015,5
BRA,ESP,2016,25
BRA,ESP,2017,57
BRA,ESP,2018,151
BRA,ESP,2019,986
BRA,ESP,2020,801
BRA,ESP,2021,345
BRA,ESP,2022,611
BRA,ESP,2023,724
BRA,FIN,2008,5
BRA,FIN,2017,5
BRA,FIN,2018,5
BRA,FIN,2021,5
BRA,FIN,2022,5
BRA,FRA,2008,17
BRA,FRA,2009,14
BRA,FRA,2010,18
BRA,FRA,2011,21
BRA,FRA,2012,20
BRA,FRA,2013,24
BRA,FRA,2014,16
BRA,FRA,2015,10
BRA,FRA,2016,9
BRA,FRA,2017,5
BRA,FRA,2018,74
BRA,FRA,2019,92
BRA,FRA,2020,69
BRA,FRA,2021,145
BRA,FRA,2022,365
BRA,FRA,2023,288
BRA,GBR,2008,44
BRA,GBR,2009,31
BRA,GBR,2010,49
BRA,GBR,2011,51
BRA,GBR,2012,29
BRA,GBR,2013,24
BRA,GBR,2014,27
BRA,GBR,2015,28
BRA,GBR,2016,44
BRA,GBR,2017,33
BRA,GBR,2018,72
BRA,GBR,2019,215
BRA,GBR,2020,226
BRA,GBR,2021,145
BRA,GBR,2022,664
BRA,GBR,2023,1908
BRA,GRC,2008,5
BRA,GRC,2011,5
BRA,GRC,2016,5
BRA,GRC,2017,5
BRA,GRC,2018,6
BRA,GRC,2019,12
BRA,GRC,2020,5
BRA,GRC,2021,5
BRA,GRC,2023,10
BRA,GTM,2022,6
BRA,HND,2021,5
BRA,IRL,2008,27
BRA,IRL,2009,16
BRA,IRL,2010,5
BRA,IRL,2011,18
BRA,IRL,2012,21
BRA,IRL,2013,10
BRA,IRL,2015,10
BRA,IRL,2016,54
BRA,IRL,2017,42
BRA,IRL,2018,139
BRA,IRL,2019,151
BRA,IRL,2020,119
BRA,IRL,2021,56
BRA,IRL,2022,110
BRA,IRL,2023,194
BRA,ISL,2021,5
BRA,ISR,2018,5
BRA,ISR,2022,5
BRA,ISR,2023,5
BRA,ITA,2008,19
BRA,ITA,2009,13
BRA,ITA,2010,13
BRA,ITA,2011,20
BRA,ITA,2012,23
BRA,ITA,2013,13
BRA,ITA,2014,17
BRA,ITA,2015,32
BRA,ITA,2016,97
BRA,ITA,2017,74
BRA,ITA,2018,187
BRA,ITA,2019,296
BRA,ITA,2020,211
BRA,ITA,2021,207
BRA,ITA,2022,355
BRA,ITA,2023,389
BRA,JPN,2011,6
BRA,JPN,2014,5
BRA,JPN,2015,5
BRA,KOR,2018,5
BRA,KOR,2019,5
BRA,KOR,2020,15
BRA,KOR,2021,5
BRA,KOR,2023,10
BRA,LUX,2023,10
BRA,MEX,2010,5
BRA,MEX,2016,5
BRA,MEX,2017,5
BRA,MEX,2018,5
BRA,MEX,2019,552
BRA,MEX,2020,372
BRA,MEX,2021,3836
BRA,MEX,2022,2594
BRA,MEX,2023,3678
BRA,NLD,2008,5
BRA,NLD,2011,5
BRA,NLD,2014,5
BRA,NLD,2015,5
BRA,NLD,2017,6
BRA,NLD,2018,5
BRA,NLD,2019,8
BRA,NLD,2020,19
BRA,NLD,2021,17
BRA,NLD,2022,17
BRA,NLD,2023,9
BRA,NOR,2010,5
BRA,NOR,2011,13
BRA,NOR,2012,5
BRA,NOR,2013,5
BRA,NOR,2014,6
BRA,NOR,2019,10
BRA,NOR,2022,5
BRA,NOR,2023,5
BRA,NZL,2009,8
BRA,NZL,2010,5
BRA,NZL,2011,5
BRA,NZL,2014,5
BRA,NZL,2015,5
BRA,NZL,2016,6
BRA,NZL,2018,5
BRA,NZL,2019,7
BRA,NZL,2020,6
BRA,NZL,2023,11
BRA,PER,2008,5
BRA,PER,2018,5
BRA,PER,2019,7
BRA,PER,2022,5
BRA,PER,2023,12
BRA,PRT,2015,6
BRA,PRT,2016,8
BRA,PRT,2017,15
BRA,PRT,2018,25
BRA,PRT,2019,18
BRA,PRT,2020,7
BRA,PRT,2021,15
BRA,PRT,2022,24
BRA,PRT,2023,22
BRA,PRY,2019,5
BRA,PRY,2023,20
BRA,ROU,2015,5
BRA,SWE,2008,5
BRA,SWE,2009,12
BRA,SWE,2010,6
BRA,SWE,2014,12
BRA,SWE,2015,12
BRA,SWE,2016,29
BRA,SWE,2017,33
BRA,SWE,2018,26
BRA,SWE,2019,29
BRA,SWE,2020,28
BRA,SWE,2021,19
BRA,SWE,2022,18
BRA,SWE,2023,27
BRA,URY,2012,5
BRA,URY,2017,7
BRA,URY,2018,5
BRA,URY,2019,13
BRA,URY,2020,5
BRA,URY,2021,9
BRA,URY,2022,9
BRA,URY,2023,7
BRA,USA,2008,209
BRA,USA,2009,175
BRA,USA,2010,223
BRA,USA,2011,340
BRA,USA,2012,444
BRA,USA,2013,311
BRA,USA,2014,506
BRA,USA,2015,916
BRA,USA,2016,1454
BRA,USA,2017,2677
BRA,USA,2018,3001
BRA,USA,2019,3558
BRA,USA,2020,4986
BRA,USA,2021,5279
BRA,USA,2022,25553
BRA,USA,2023,28430
BRB,CAN,2008,34
BRB,CAN,2009,35
BRB,CAN,2010,36
BRB,CAN,2011,71
BRB,CAN,2012,43
BRB,CAN,2013,14
BRB,CAN,2014,22
BRB,CAN,2015,35
BRB,CAN,2016,32
BRB,CAN,2017,68
BRB,CAN,2018,67
BRB,CAN,2019,96
BRB,CAN,2020,36
BRB,CAN,2021,44
BRB,CAN,2022,217
BRB,CAN,2023,340
BRB,GBR,2010,5
BRB,GBR,2013,5
BRB,GBR,2014,7
BRB,GBR,2015,5
BRB,GBR,2016,10
BRB,GBR,2017,5
BRB,GBR,2018,11
BRB,GBR,2019,5
BRB,GBR,2020,6
BRB,GBR,2021,10
BRB,GBR,2022,5
BRB,GBR,2023,11
BRB,GRC,2009,11
BRB,USA,2012,5
BRB,USA,2013,5
BRB,USA,2016,5
BRB,USA,2021,5
CHL,ARG,2008,5
CHL,ARG,2010,5
CHL,ARG,2011,6
CHL,ARG,2012,5
CHL,ARG,2014,5
CHL,ARG,2015,5
CHL,ARG,2019,5
CHL,ARG,2023,5
CHL,AUS,2008,10
CHL,AUS,2014,5
CHL,AUS,2016,5
CHL,AUS,2017,11
CHL,AUS,2019,10
CHL,AUS,2020,36
CHL,AUS,2021,8
CHL,AUS,2022,41
CHL,AUS,2023,24
CHL,BEL,2011,5
CHL,BEL,2012,5
CHL,BEL,2016,5
CHL,BEL,2020,10
CHL,BEL,2023,5
CHL,BRA,2016,5
CHL,BRA,2017,7
CHL,BRA,2018,38
CHL,BRA,2019,70
CHL,BRA,2020,15
CHL,BRA,2021,6
CHL,BRA,2022,14
CHL,BRA,2023,44
CHL,CAN,2008,50
CHL,CAN,2009,61
CHL,CAN,2010,54
CHL,CAN,2011,43
CHL,CAN,2012,11
CHL,CAN,2014,6
CHL,CAN,2015,30
CHL,CAN,2016,50
CHL,CAN,2017,92
CHL,CAN,2018,134
CHL,CAN,2019,188
CHL,CAN,2020,138
CHL,CAN,2021,207
CHL,CAN,2022,1795
CHL,CAN,2023,1172
CHL,CHE,2009,5
CHL,CHE,2019,5
CHL,CHE,2022,5
CHL,CHE,2023,5
CHL,COL,2023,5
CHL,CRI,2019,11
CHL,CRI,2020,7
CHL,CRI,2021,45
CHL,CRI,2022,12
CHL,CRI,2023,5
CHL,DEU,2019,5
CHL,DEU,2020,5
CHL,DEU,2021,13
CHL,DEU,2022,21
CHL,DEU,2023,46
CHL,DNK,2013,10
CHL,DNK,2019,5
CHL,DNK,2020,5
CHL,ECU,2008,11
CHL,ECU,2009,14
CHL,ECU,2010,16
CHL,ECU,2011,5
CHL,ECU,2017,6
CHL,ECU,2018,5
CHL,ECU,2019,5
CHL,ECU,2022,5
CHL,ECU,2023,5
CHL,ESP,2008,5
CHL,ESP,2010,5
CHL,ESP,2015,5
CHL,ESP,2016,8
CHL,ESP,2017,17
CHL,ESP,2018,39
CHL,ESP,2019,114
CHL,ESP,2020,189
CHL,ESP,2021,141
CHL,ESP,2022,254
CHL,ESP,2023,425
CHL,FIN,2011,5
CHL,FRA,2012,5
CHL,FRA,2013,5
CHL,FRA,2014,5
CHL,FRA,2015,5
CHL,FRA,2018,8
CHL,FRA,2019,13
CHL,FRA,2020,23
CHL,FRA,2021,18
CHL,FRA,2022,24
CHL,FRA,2023,34
CHL,GBR,2009,5
CHL,GBR,2010,9
CHL,GBR,2011,5
CHL,GBR,2018,13
CHL,GBR,2019,10
CHL,GBR,2020,9
CHL,GBR,2021,5
CHL,GBR,2022,5
CHL,GBR,2023,15
CHL,GRC,2008,5
CHL,GRC,2009,5
CHL,GRC,2019,5
CHL,IRL,2011,10
CHL,IRL,2018,5
CHL,IRL,2019,5
CHL,IRL,2022,5
CHL,IRL,2023,10
CHL,ISL,2019,5
CHL,ISL,2020,5
CHL,ISL,2022,10
CHL,ISL,2023,12
CHL,ISR,2008,5
CHL,ITA,2008,7
CHL,ITA,2010,5
CHL,ITA,2014,6
CHL,ITA,2015,5
CHL,ITA,2016,5
CHL,ITA,2017,5
CHL,ITA,2018,6
CHL,ITA,2019,23
CHL,ITA,2020,17
CHL,ITA,2021,19
CHL,ITA,2022,33
CHL,ITA,2023,45
CHL,KOR,2020,5
CHL,LTU,2020,5
CHL,LTU,2021,5
CHL,MEX,2018,5
CHL,MEX,2019,418
CHL,MEX,2020,808
CHL,MEX,2021,6970
CHL,MEX,2022,885
CHL,MEX,2023,3489
CHL,NLD,2020,5
CHL,NLD,2021,5
CHL,NLD,2022,7
CHL,NLD,2023,5
CHL,NOR,2012,5
CHL,NZL,2009,5
CHL,NZL,2011,5
CHL,NZL,2019,7
CHL,NZL,2020,5
CHL,NZL,2021,5
CHL,NZL,2023,5
CHL,PER,2018,6
CHL,PER,2019,5
CHL,PER,2020,5
CHL,PER,2023,5
CHL,POL,2020,5
CHL,PRY,2023,5
CHL,SWE,2008,83
CHL,SWE,2009,45
CHL,SWE,2010,28
CHL,SWE,2011,33
CHL,SWE,2012,18
CHL,SWE,2013,36
CHL,SWE,2014,23
CHL,SWE,2015,36
CHL,SWE,2016,45
CHL,SWE,2017,39
CHL,SWE,2018,76
CHL,SWE,2019,74
CHL,SWE,2020,136
CHL,SWE,2021,36
CHL,SWE,2022,36
CHL,SWE,2023,40
CHL,URY,2020,5
CHL,URY,2022,6
CHL,URY,2023,6
CHL,USA,2008,18
CHL,USA,2009,18
CHL,USA,2010,27
CHL,USA,2011,23
CHL,USA,2012,26
CHL,USA,2013,20
CHL,USA,2014,22
CHL,USA,2015,23
CHL,USA,2016,38
CHL,USA,2017,68
CHL,USA,2018,64
CHL,USA,2019,107
CHL,USA,2020,238
CHL,USA,2021,471
CHL,USA,2022,2604
CHL,USA,2023,6062
CHL,ZAF,2010,5
CHL,ZAF,2012,5
COL,ABW,2012,5
COL,ABW,2018,7
COL,ARG,2008,171
COL,ARG,2009,129
COL,ARG,2010,157
COL,ARG,2011,342
COL,ARG,2012,221
COL,ARG,2013,88
COL,ARG,2014,58
COL,ARG,2015,53
COL,ARG,2016,34
COL,ARG,2017,63
COL,ARG,2018,60
COL,ARG,2019,65
COL,ARG,2020,44
COL,ARG,2021,40
COL,ARG,2022,57
COL,ARG,2023,30
COL,AUS,2008,29
COL,AUS,2009,47
COL,AUS,2010,52
COL,AUS,2011,75
COL,AUS,2012,63
COL,AUS,2013,53
COL,AUS,2014,55
COL,AUS,2015,35
COL,AUS,2016,74
COL,AUS,2017,79
COL,AUS,2018,39
COL,AUS,2019,71
COL,AUS,2020,118
COL,AUS,2021,8
COL,AUS,2022,282
COL,AUS,2023,288
COL,AUT,2011,5
COL,AUT,2016,5
COL,AUT,2017,11
COL,AUT,2019,14
COL,AUT,2020,16
COL,AUT,2021,9
COL,AUT,2022,30
COL,AUT,2023,15
COL,BEL,2008,5
COL,BEL,2009,8
COL,BEL,2010,13
COL,BEL,2011,5
COL,BEL,2012,15
COL,BEL,2013,9
COL,BEL,2014,12
COL,BEL,2015,5
COL,BEL,2016,19
COL,BEL,2017,65
COL,BEL,2018,155
COL,BEL,2019,195
COL,BEL,2020,203
COL,BEL,2021,280
COL,BEL,2022,564
COL,BEL,2023,705
COL,BHS,2018,5
COL,BOL,2008,31
COL,BOL,2009,41
COL,BOL,2010,39
COL,BOL,2011,29
COL,BOL,2012,31
COL,BOL,2013,11
COL,BOL,2014,15
COL,BOL,2015,11
COL,BOL,2016,6
COL,BOL,2019,16
COL,BOL,2020,22
COL,BOL,2021,20
COL,BOL,2022,26
COL,BOL,2023,6
COL,BRA,2008,87
COL,BRA,2009,57
COL,BRA,2010,59
COL,BRA,2011,193
COL,BRA,2012,128
COL,BRA,2013,108
COL,BRA,2014,95
COL,BRA,2015,101
COL,BRA,2016,74
COL,BRA,2017,164
COL,BRA,2018,209
COL,BRA,2019,276
COL,BRA,2020,161
COL,BRA,2021,51
COL,BRA,2022,656
COL,BRA,2023,973
COL,CAN,2008,3132
COL,CAN,2009,2299
COL,CAN,2010,1384
COL,CAN,2011,904
COL,CAN,2012,692
COL,CAN,2013,585
COL,CAN,2014,540
COL,CAN,2015,791
COL,CAN,2016,821
COL,CAN,2017,1457
COL,CAN,2018,2776
COL,CAN,2019,3368
COL,CAN,2020,1256
COL,CAN,2021,1865
COL,CAN,2022,8535
COL,CAN,2023,6778
COL,CHE,2008,43
COL,CHE,2009,29
COL,CHE,2010,33
COL,CHE,2011,32
COL,CHE,2012,84
COL,CHE,2013,72
COL,CHE,2014,5
COL,CHE,2015,11
COL,CHE,2016,31
COL,CHE,2017,31
COL,CHE,2018,64
COL,CHE,2019,121
COL,CHE,2020,342
COL,CHE,2021,82
COL,CHE,2022,145
COL,CHE,2023,246
COL,CHL,2008,816
COL,CHL,2010,220
COL,CHL,2011,267
COL,CHL,2012,138
COL,CHL,2013,224
COL,CHL,2014,238
COL,CHL,2015,490
COL,CHL,2016,1803
COL,CHL,2017,2516
COL,CHL,2018,1157
COL,CHL,2019,252
COL,CHL,2020,670
COL,CHL,2021,98
COL,CHL,2022,821
COL,CHL,2023,809
COL,CHN,2016,5
COL,CRI,2008,735
COL,CRI,2009,799
COL,CRI,2010,535
COL,CRI,2011,551
COL,CRI,2012,495
COL,CRI,2013,624
COL,CRI,2014,805
COL,CRI,2015,869
COL,CRI,2016,1455
COL,CRI,2017,980
COL,CRI,2018,845
COL,CRI,2019,1285
COL,CRI,2020,397
COL,CRI,2021,837
COL,CRI,2022,1544
COL,CRI,2023,1093
COL,CUB,2009,5
COL,CUW,2011,7
COL,CUW,2012,5
COL,CUW,2013,13
COL,CUW,2014,21
COL,CUW,2015,9
COL,CUW,2016,30
COL,CUW,2017,50
COL,CUW,2018,5
COL,CUW,2019,11
COL,CUW,2020,5
COL,CYP,2022,5
COL,CZE,2021,5
COL,CZE,2023,5
COL,DEU,2008,14
COL,DEU,2009,13
COL,DEU,2010,11
COL,DEU,2011,55
COL,DEU,2012,37
COL,DEU,2013,28
COL,DEU,2014,21
COL,DEU,2015,5
COL,DEU,2016,57
COL,DEU,2017,61
COL,DEU,2018,250
COL,DEU,2019,460
COL,DEU,2020,378
COL,DEU,2021,556
COL,DEU,2022,2329
COL,DEU,2023,4182
COL,DNK,2009,5
COL,DNK,2013,7
COL,DNK,2016,5
COL,DNK,2017,11
COL,DNK,2018,44
COL,DNK,2019,44
COL,DNK,2020,16
COL,DNK,2021,19
COL,DNK,2022,32
COL,DNK,2023,26
COL,DOM,2016,7
COL,DOM,2017,5
COL,DOM,2019,5
COL,DOM,2020,5
COL,DOM,2022,5
COL,DOM,2023,8
COL,ECU,2008,15051
COL,ECU,2009,31222
COL,ECU,2010,24595
COL,ECU,2011,13199
COL,ECU,2012,11809
COL,ECU,2013,8079
COL,ECU,2017,4743
COL,ECU,2018,5264
COL,ECU,2019,5007
COL,ECU,2020,1749
COL,ECU,2021,2627
COL,ECU,2022,534
COL,ECU,2023,3983
COL,ESP,2008,752
COL,ESP,2009,255
COL,ESP,2010,123
COL,ESP,2011,104
COL,ESP,2012,60
COL,ESP,2013,62
COL,ESP,2014,97
COL,ESP,2015,129
COL,ESP,2016,656
COL,ESP,2017,2502
COL,ESP,2018,8811
COL,ESP,2019,29363
COL,ESP,2020,27576
COL,ESP,2021,11567
COL,ESP,2022,36012
COL,ESP,2023,53564
COL,FIN,2011,5
COL,FIN,2013,10
COL,FIN,2017,5
COL,FIN,2019,26
COL,FIN,2020,17
COL,FIN,2021,5
COL,FIN,2022,38
COL,FIN,2023,48
COL,FRA,2008,121
COL,FRA,2009,149
COL,FRA,2010,133
COL,FRA,2011,124
COL,FRA,2012,141
COL,FRA,2013,131
COL,FRA,2014,127
COL,FRA,2015,90
COL,FRA,2016,149
COL,FRA,2017,235
COL,FRA,2018,377
COL,FRA,2019,594
COL,FRA,2020,599
COL,FRA,2021,1149
COL,FRA,2022,2424
COL,FRA,2023,1601
COL,GBR,2008,30
COL,GBR,2009,23
COL,GBR,2010,18
COL,GBR,2011,47
COL,GBR,2012,21
COL,GBR,2013,11
COL,GBR,2014,10
COL,GBR,2015,22
COL,GBR,2016,15
COL,GBR,2017,11
COL,GBR,2018,28
COL,GBR,2019,37
COL,GBR,2020,13
COL,GBR,2021,12
COL,GBR,2022,119
COL,GBR,2023,1280
COL,GRC,2018,5
COL,GRC,2019,5
COL,GRC,2023,9
COL,GTM,2009,5
COL,GTM,2010,5
COL,GTM,2011,5
COL,GTM,2018,8
COL,GTM,2020,5
COL,GTM,2021,12
COL,GTM,2022,17
COL,GTM,2023,41
COL,HKG,2009,5
COL,HKG,2011,11
COL,HKG,2012,14
COL,HKG,2013,22
COL,HKG,2014,12
COL,HND,2009,8
COL,HND,2010,6
COL,HND,2011,5
COL,HND,2012,5
COL,HND,2023,11
COL,HRV,2023,5
COL,IRL,2023,12
COL,ISL,2014,5
COL,ISL,2018,12
COL,ISL,2019,21
COL,ISL,2020,16
COL,ISL,2021,28
COL,ISL,2022,53
COL,ISL,2023,90
COL,ISR,2008,98
COL,ISR,2009,40
COL,ISR,2010,75
COL,ISR,2011,38
COL,ISR,2012,22
COL,ISR,2013,5
COL,ISR,2017,21
COL,ISR,2018,127
COL,ISR,2019,212
COL,ISR,2020,85
COL,ISR,2021,16
COL,ISR,2022,143
COL,ISR,2023,166
COL,ITA,2008,33
COL,ITA,2009,40
COL,ITA,2010,66
COL,ITA,2011,36
COL,ITA,2012,44
COL,ITA,2013,52
COL,ITA,2014,68
COL,ITA,2015,41
COL,ITA,2016,89
COL,ITA,2017,208
COL,ITA,2018,489
COL,ITA,2019,866
COL,ITA,2020,538
COL,ITA,2021,390
COL,ITA,2022,1766
COL,ITA,2023,2129
COL,JPN,2008,7
COL,JPN,2011,5
COL,KOR,2018,5
COL,KOR,2019,11
COL,KOR,2020,7
COL,LUX,2018,5
COL,LUX,2019,10
COL,LUX,2020,13
COL,LUX,2021,10
COL,LUX,2022,22
COL,LUX,2023,70
COL,LVA,2020,6
COL,MEX,2008,41
COL,MEX,2009,62
COL,MEX,2010,82
COL,MEX,2011,43
COL,MEX,2012,41
COL,MEX,2013,40
COL,MEX,2014,11
COL,MEX,2015,26
COL,MEX,2016,44
COL,MEX,2017,96
COL,MEX,2018,204
COL,MEX,2019,558
COL,MEX,2020,501
COL,MEX,2021,1275
COL,MEX,2022,2490
COL,MEX,2023,2566
COL,MLT,2017,5
COL,MLT,2018,9
COL,MLT,2019,5
COL,MLT,2020,26
COL,MLT,2021,12
COL,MLT,2022,11
COL,MLT,2023,27
COL,NIC,2009,5
COL,NLD,2008,34
COL,NLD,2009,31
COL,NLD,2010,18
COL,NLD,2011,7
COL,NLD,2012,10
COL,NLD,2013,12
COL,NLD,2014,11
COL,NLD,2015,7
COL,NLD,2016,36
COL,NLD,2017,33
COL,NLD,2018,42
COL,NLD,2019,158
COL,NLD,2020,113
COL,NLD,2021,207
COL,NLD,2022,526
COL,NLD,2023,605
COL,NOR,2008,9
COL,NOR,2009,27
COL,NOR,2010,23
COL,NOR,2011,15
COL,NOR,2012,7
COL,NOR,2013,11
COL,NOR,2014,7
COL,NOR,2016,15
COL,NOR,2017,25
COL,NOR,2018,13
COL,NOR,2019,44
COL,NOR,2020,44
COL,NOR,2021,56
COL,NOR,2022,170
COL,NOR,2023,204
COL,NZL,2009,5
COL,NZL,2010,5
COL,NZL,2011,5
COL,NZL,2014,5
COL,NZL,2015,14
COL,NZL,2016,8
COL,NZL,2017,6
COL,NZL,2018,9
COL,NZL,2019,14
COL,NZL,2020,12
COL,NZL,2021,6
COL,NZL,2023,37
COL,PAN,2008,176
COL,PAN,2009,187
COL,PAN,2010,517
COL,PAN,2011,1208
COL,PAN,2012,610
COL,PAN,2013,687
COL,PAN,2014,837
COL,PAN,2015,890
COL,PAN,2016,893
COL,PAN,2017,442
COL,PAN,2018,753
COL,PAN,2019,755
COL,PAN,2020,87
COL,PAN,2021,137
COL,PAN,2022,201
COL,PAN,2023,180
COL,PER,2008,130
COL,PER,2009,109
COL,PER,2010,105
COL,PER,2011,138
COL,PER,2012,158
COL,PER,2013,260
COL,PER,2014,147
COL,PER,2015,98
COL,PER,2016,148
COL,PER,2017,130
COL,PER,2018,467
COL,PER,2019,465
COL,PER,2020,425
COL,PER,2021,26
COL,PER,2022,139
COL,PER,2023,467
COL,POL,2023,16
COL,PRT,2008,26
COL,PRT,2009,15
COL,PRT,2010,16
COL,PRT,2011,13
COL,PRT,2012,10
COL,PRT,2013,5
COL,PRT,2014,5
COL,PRT,2016,7
COL,PRT,2018,20
COL,PRT,2019,15
COL,PRT,2020,5
COL,PRT,2021,10
COL,PRT,2022,85
COL,PRT,2023,253
COL,PRY,2008,8
COL,PRY,2009,5
COL,PRY,2018,5
COL,PRY,2019,15
COL,PRY,2020,22
COL,PRY,2021,175
COL,PRY,2022,54
COL,PRY,2023,84
COL,ROU,2019,5
COL,ROU,2023,14
COL,SLV,2009,5
COL,SLV,2015,5
COL,SLV,2018,5
COL,SLV,2021,7
COL,SLV,2022,6
COL,SLV,2023,10
COL,SUR,2021,5
COL,SWE,2008,16
COL,SWE,2009,19
COL,SWE,2010,40
COL,SWE,2011,33
COL,SWE,2012,20
COL,SWE,2013,27
COL,SWE,2014,38
COL,SWE,2015,28
COL,SWE,2016,156
COL,SWE,2017,309
COL,SWE,2018,515
COL,SWE,2019,892
COL,SWE,2020,469
COL,SWE,2021,166
COL,SWE,2022,905
COL,SWE,2023,888
COL,SXM,2023,16
COL,SYR,2008,5
COL,SYR,2009,5
COL,SYR,2012,5
COL,TTO,2011,5
COL,TTO,2014,16
COL,TTO,2015,5
COL,TTO,2017,13
COL,TTO,2018,18
COL,TTO,2019,24
COL,TTO,2020,7
COL,TTO,2021,6
COL,TTO,2022,6
COL,URY,2009,34
COL,URY,2010,5
COL,URY,2011,14
COL,URY,2012,17
COL,URY,2013,17
COL,URY,2014,10
COL,URY,2015,14
COL,URY,2016,18
COL,URY,2017,16
COL,URY,2018,15
COL,URY,2019,24
COL,URY,2020,36
COL,URY,2021,39
COL,URY,2022,65
COL,URY,2023,113
COL,USA,2008,910
COL,USA,2009,650
COL,USA,2010,623
COL,USA,2011,642
COL,USA,2012,574
COL,USA,2013,174
COL,USA,2014,817
COL,USA,2015,1058
COL,USA,2016,1767
COL,USA,2017,3271
COL,USA,2018,3888
COL,USA,2019,5157
COL,USA,2020,4855
COL,USA,2021,12285
COL,USA,2022,34636
COL,USA,2023,129524
COL,VEN,2008,2920
COL,VEN,2009,2860
COL,VEN,2010,3426
COL,VEN,2011,3155
COL,VEN,2012,2002
COL,VEN,2013,3497
COL,VEN,2014,2468
COL,VEN,2015,1486
COL,VEN,2016,2868
COL,VEN,2017,105
COL,VEN,2018,959
COL,VEN,2019,698
COL,VEN,2020,598
COL,VEN,2021,282
COL,VEN,2022,548
COL,VEN,2023,527
CRI,BRA,2017,5
CRI,BRA,2018,5
CRI,BRA,2019,5
CRI,BRA,2021,5
CRI,CAN,2008,28
CRI,CAN,2009,37
CRI,CAN,2010,26
CRI,CAN,2011,16
CRI,CAN,2012,8
CRI,CAN,2013,7
CRI,CAN,2014,5
CRI,CAN,2016,9
CRI,CAN,2017,28
CRI,CAN,2018,15
CRI,CAN,2019,38
CRI,CAN,2021,33
CRI,CAN,2022,63
CRI,CAN,2023,78
CRI,CHL,2011,5
CRI,DEU,2020,5
CRI,DEU,2023,10
CRI,ECU,2013,5
CRI,ESP,2009,6
CRI,ESP,2015,6
CRI,ESP,2016,5
CRI,ESP,2017,11
CRI,ESP,2018,17
CRI,ESP,2019,45
CRI,ESP,2020,35
CRI,ESP,2021,16
CRI,ESP,2022,56
CRI,ESP,2023,89
CRI,FRA,2019,5
CRI,GBR,2014,5
CRI,GBR,2018,5
CRI,GBR,2019,5
CRI,GBR,2022,13
CRI,GBR,2023,5
CRI,IRL,2023,5
CRI,ITA,2017,5
CRI,ITA,2019,5
CRI,ITA,2022,19
CRI,ITA,2023,8
CRI,MDG,2019,5
CRI,MEX,2018,5
CRI,MEX,2019,39
CRI,MEX,2020,30
CRI,MEX,2021,115
CRI,MEX,2022,105
CRI,MEX,2023,51
CRI,PAN,2018,5
CRI,PER,2018,5
CRI,SLV,2023,5
CRI,SWE,2022,10
CRI,SWE,2023,13
CRI,USA,2008,19
CRI,USA,2009,12
CRI,USA,2010,20
CRI,USA,2011,31
CRI,USA,2012,24
CRI,USA,2013,471
CRI,USA,2014,59
CRI,USA,2015,98
CRI,USA,2016,105
CRI,USA,2017,139
CRI,USA,2018,189
CRI,USA,2019,167
CRI,USA,2020,124
CRI,USA,2021,123
CRI,USA,2022,298
CRI,USA,2023,577
CRI,ZMB,2013,5
CUB,ARG,2008,41
CUB,ARG,2009,38
CUB,ARG,2010,41
CUB,ARG,2011,38
CUB,ARG,2012,52
CUB,ARG,2013,109
CUB,ARG,2014,153
CUB,ARG,2015,169
CUB,ARG,2016,167
CUB,ARG,2017,282
CUB,ARG,2018,303
CUB,ARG,2019,227
CUB,ARG,2020,73
CUB,ARG,2021,48
CUB,ARG,2022,85
CUB,ARG,2023,145
CUB,ARM,2016,6
CUB,ARM,2018,5
CUB,ARM,2019,51
CUB,ARM,2020,12
CUB,ARM,2021,14
CUB,ARM,2022,49
CUB,ARM,2023,5
CUB,AUS,2016,5
CUB,AUS,2017,6
CUB,AUS,2022,10
CUB,AUS,2023,8
CUB,AUT,2008,5
CUB,AUT,2009,6
CUB,AUT,2010,5
CUB,AUT,2011,5
CUB,AUT,2012,8
CUB,AUT,2013,24
CUB,AUT,2014,23
CUB,AUT,2015,24
CUB,AUT,2016,15
CUB,AUT,2017,17
CUB,AUT,2018,5
CUB,AUT,2019,16
CUB,AUT,2020,5
CUB,AUT,2021,13
CUB,AUT,2022,23
CUB,AUT,2023,25
CUB,BEL,2009,5
CUB,BEL,2011,5
CUB,BEL,2012,5
CUB,BEL,2013,10
CUB,BEL,2014,5
CUB,BEL,2015,5
CUB,BEL,2017,5
CUB,BEL,2018,5
CUB,BEL,2019,11
CUB,BEL,2020,8
CUB,BEL,2022,23
CUB,BEL,2023,52
CUB,BGR,2008,5
CUB,BGR,2021,5
CUB,BHS,2011,5
CUB,BHS,2012,48
CUB,BHS,2013,88
CUB,BHS,2016,5
CUB,BHS,2017,6
CUB,BHS,2022,11
CUB,BIH,2022,19
CUB,BLR,2018,7
CUB,BLR,2019,10
CUB,BLR,2020,5
CUB,BLR,2021,9
CUB,BLR,2022,8
CUB,BLR,2023,10
CUB,BLZ,2009,5
CUB,BLZ,2019,5
CUB,BOL,2008,5
CUB,BOL,2019,5
CUB,BOL,2020,5
CUB,BRA,2008,47
CUB,BRA,2009,37
CUB,BRA,2010,36
CUB,BRA,2011,30
CUB,BRA,2012,34
CUB,BRA,2013,47
CUB,BRA,2014,158
CUB,BRA,2015,532
CUB,BRA,2016,1370
CUB,BRA,2017,2373
CUB,BRA,2018,2749
CUB,BRA,2019,7868
CUB,BRA,2020,980
CUB,BRA,2021,358
CUB,BRA,2022,5965
CUB,BRA,2023,12101
CUB,CAN,2008,184
CUB,CAN,2009,236
CUB,CAN,2010,151
CUB,CAN,2011,155
CUB,CAN,2012,131
CUB,CAN,2013,180
CUB,CAN,2014,154
CUB,CAN,2015,118
CUB,CAN,2016,67
CUB,CAN,2017,107
CUB,CAN,2018,97
CUB,CAN,2019,166
CUB,CAN,2020,90
CUB,CAN,2021,99
CUB,CAN,2022,653
CUB,CAN,2023,665
CUB,CHE,2008,5
CUB,CHE,2009,7
CUB,CHE,2010,5
CUB,CHE,2011,5
CUB,CHE,2012,10
CUB,CHE,2013,5
CUB,CHE,2014,5
CUB,CHE,2015,6
CUB,CHE,2017,9
CUB,CHE,2018,5
CUB,CHE,2019,5
CUB,CHE,2020,5
CUB,CHE,2021,8
CUB,CHE,2022,68
CUB,CHE,2023,12
CUB,CHL,2010,14
CUB,CHL,2011,9
CUB,CHL,2012,5
CUB,CHL,2015,17
CUB,CHL,2016,56
CUB,CHL,2017,1603
CUB,CHL,2018,2764
CUB,CHL,2019,272
CUB,CHL,2020,531
CUB,CHL,2021,158
CUB,CHL,2022,183
CUB,CHL,2023,212
CUB,COL,2008,42
CUB,COL,2009,32
CUB,COL,2010,61
CUB,COL,2011,61
CUB,COL,2012,73
CUB,COL,2013,85
CUB,COL,2014,446
CUB,COL,2015,232
CUB,COL,2016,54
CUB,COL,2017,24
CUB,COL,2018,41
CUB,COL,2019,24
CUB,COL,2020,57
CUB,COL,2021,111
CUB,COL,2022,233
CUB,COL,2023,108
CUB,CRI,2008,62
CUB,CRI,2009,58
CUB,CRI,2010,88
CUB,CRI,2011,155
CUB,CRI,2012,376
CUB,CRI,2013,162
CUB,CRI,2014,203
CUB,CRI,2015,151
CUB,CRI,2016,167
CUB,CRI,2017,182
CUB,CRI,2018,53
CUB,CRI,2019,1872
CUB,CRI,2020,1688
CUB,CRI,2021,387
CUB,CRI,2022,1113
CUB,CRI,2023,2871
CUB,CUW,2012,25
CUB,CUW,2013,9
CUB,CUW,2014,15
CUB,CYM,2013,30
CUB,CYM,2015,72
CUB,CYM,2016,177
CUB,CYM,2017,34
CUB,CYM,2018,14
CUB,CYM,2019,23
CUB,CYM,2020,20
CUB,CYM,2021,13
CUB,CYM,2022,219
CUB,CYM,2023,90
CUB,CYP,2012,5
CUB,CZE,2008,19
CUB,CZE,2009,12
CUB,CZE,2010,18
CUB,CZE,2011,20
CUB,CZE,2012,15
CUB,CZE,2013,41
CUB,CZE,2014,40
CUB,CZE,2015,129
CUB,CZE,2016,85
CUB,CZE,2017,68
CUB,CZE,2018,154
CUB,CZE,2019,32
CUB,CZE,2020,24
CUB,CZE,2021,11
CUB,CZE,2022,13
CUB,CZE,2023,27
CUB,DEU,2008,16
CUB,DEU,2009,21
CUB,DEU,2010,24
CUB,DEU,2011,21
CUB,DEU,2012,29
CUB,DEU,2013,53
CUB,DEU,2014,67
CUB,DEU,2015,91
CUB,DEU,2016,79
CUB,DEU,2017,57
CUB,DEU,2018,164
CUB,DEU,2019,59
CUB,DEU,2020,41
CUB,DEU,2021,45
CUB,DEU,2022,239
CUB,DEU,2023,606
CUB,DNK,2011,5
CUB,DNK,2012,5
CUB,DNK,2013,5
CUB,DNK,2014,5
CUB,DNK,2015,5
CUB,DNK,2019,5
CUB,DNK,2023,5
CUB,DOM,2010,5
CUB,DOM,2012,6
CUB,DOM,2013,9
CUB,DOM,2014,5
CUB,DOM,2015,7
CUB,DOM,2016,5
CUB,DOM,2017,14
CUB,DOM,2019,15
CUB,DOM,2020,20
CUB,DOM,2021,5
CUB,DOM,2022,71
CUB,DOM,2023,39
CUB,ECU,2008,156
CUB,ECU,2009,1939
CUB,ECU,2010,4386
CUB,ECU,2011,435
CUB,ECU,2012,63
CUB,ECU,2013,48
CUB,ECU,2017,41
CUB,ECU,2018,54
CUB,ECU,2019,149
CUB,ECU,2020,126
CUB,ECU,2021,84
CUB,ECU,2022,54
CUB,ECU,2023,221
CUB,ESP,2008,119
CUB,ESP,2009,84
CUB,ESP,2010,406
CUB,ESP,2011,440
CUB,ESP,2012,64
CUB,ESP,2013,58
CUB,ESP,2014,20
CUB,ESP,2015,44
CUB,ESP,2016,82
CUB,ESP,2017,154
CUB,ESP,2018,441
CUB,ESP,2019,1372
CUB,ESP,2020,1531
CUB,ESP,2021,1106
CUB,ESP,2022,1392
CUB,ESP,2023,3082
CUB,EST,2023,8
CUB,ETH,2015,5
CUB,FIN,2008,5
CUB,FIN,2011,6
CUB,FIN,2012,9
CUB,FIN,2013,9
CUB,FIN,2015,5
CUB,FIN,2016,5
CUB,FIN,2018,15
CUB,FIN,2019,38
CUB,FIN,2020,18
CUB,FIN,2021,10
CUB,FIN,2022,18
CUB,FIN,2023,5
CUB,FRA,2008,18
CUB,FRA,2009,17
CUB,FRA,2010,5
CUB,FRA,2011,13
CUB,FRA,2012,22
CUB,FRA,2013,29
CUB,FRA,2014,42
CUB,FRA,2015,46
CUB,FRA,2016,106
CUB,FRA,2017,18
CUB,FRA,2018,134
CUB,FRA,2019,165
CUB,FRA,2020,441
CUB,FRA,2021,347
CUB,FRA,2022,425
CUB,FRA,2023,323
CUB,GBR,2008,8
CUB,GBR,2009,7
CUB,GBR,2010,17
CUB,GBR,2011,5
CUB,GBR,2012,11
CUB,GBR,2013,10
CUB,GBR,2014,8
CUB,GBR,2015,5
CUB,GBR,2016,17
CUB,GBR,2017,10
CUB,GBR,2019,8
CUB,GBR,2020,18
CUB,GBR,2022,23
CUB,GBR,2023,23
CUB,GEO,2019,5
CUB,GEO,2022,5
CUB,GEO,2023,5
CUB,GRC,2008,5
CUB,GRC,2009,5
CUB,GRC,2014,10
CUB,GRC,2015,5
CUB,GRC,2016,5
CUB,GRC,2017,8
CUB,GRC,2018,9
CUB,GRC,2019,32
CUB,GRC,2020,45
CUB,GRC,2021,94
CUB,GRC,2022,150
CUB,GRC,2023,137
CUB,GTM,2009,9
CUB,GTM,2011,5
CUB,GTM,2013,5
CUB,GTM,2014,31
CUB,GTM,2017,5
CUB,GTM,2019,41
CUB,GTM,2020,16
CUB,GTM,2021,6
CUB,GTM,2022,14
CUB,GTM,2023,88
CUB,GUY,2018,17
CUB,GUY,2019,52
CUB,GUY,2020,21
CUB,GUY,2021,37
CUB,GUY,2022,18
CUB,GUY,2023,5
CUB,HND,2008,10
CUB,HND,2009,5
CUB,HND,2018,12
CUB,HND,2019,5
CUB,HND,2020,5
CUB,HND,2021,8
CUB,HND,2022,8
CUB,HND,2023,15
CUB,HRV,2013,9
CUB,HRV,2016,5
CUB,HRV,2017,34
CUB,HRV,2018,5
CUB,HRV,2019,16
CUB,HRV,2020,5
CUB,HRV,2021,33
CUB,HRV,2022,187
CUB,HRV,2023,48
CUB,HTI,2009,14
CUB,HTI,2012,7
CUB,HTI,2013,8
CUB,HTI,2015,5
CUB,HTI,2023,5
CUB,HUN,2008,18
CUB,HUN,2009,7
CUB,HUN,2013,32
CUB,HUN,2014,209
CUB,HUN,2015,181
CUB,HUN,2016,109
CUB,HUN,2017,20
CUB,IRL,2022,5
CUB,ISL,2023,6
CUB,ITA,2008,32
CUB,ITA,2009,45
CUB,ITA,2010,36
CUB,ITA,2011,38
CUB,ITA,2012,49
CUB,ITA,2013,42
CUB,ITA,2014,53
CUB,ITA,2015,51
CUB,ITA,2016,58
CUB,ITA,2017,105
CUB,ITA,2018,141
CUB,ITA,2019,145
CUB,ITA,2020,94
CUB,ITA,2021,122
CUB,ITA,2022,245
CUB,ITA,2023,426
CUB,JAM,2016,17
CUB,JOR,2012,5
CUB,KNA,2017,5
CUB,KNA,2023,5
CUB,LTU,2008,8
CUB,LTU,2016,6
CUB,LTU,2017,5
CUB,LTU,2022,10
CUB,LTU,2023,8
CUB,LVA,2014,5
CUB,LVA,2018,5
CUB,LVA,2019,6
CUB,LVA,2021,5
CUB,LVA,2023,16
CUB,MDA,2013,5
CUB,MDA,2021,8
CUB,MDA,2022,8
CUB,MEX,2008,7
CUB,MEX,2009,42
CUB,MEX,2010,42
CUB,MEX,2011,48
CUB,MEX,2012,77
CUB,MEX,2013,101
CUB,MEX,2014,81
CUB,MEX,2015,37
CUB,MEX,2016,43
CUB,MEX,2017,796
CUB,MEX,2018,212
CUB,MEX,2019,8683
CUB,MEX,2020,5758
CUB,MEX,2021,8319
CUB,MEX,2022,18095
CUB,MEX,2023,18386
CUB,MKD,2019,5
CUB,MKD,2021,7
CUB,MKD,2022,5
CUB,MNE,2014,5
CUB,MNE,2016,14
CUB,MNE,2017,34
CUB,MNE,2018,8
CUB,MNE,2019,7
CUB,MNE,2020,18
CUB,MNE,2021,40
CUB,MNE,2022,27
CUB,MNE,2023,10
CUB,NIC,2008,7
CUB,NIC,2014,5
CUB,NLD,2008,11
CUB,NLD,2010,10
CUB,NLD,2011,5
CUB,NLD,2012,5
CUB,NLD,2013,8
CUB,NLD,2014,14
CUB,NLD,2015,9
CUB,NLD,2016,23
CUB,NLD,2017,254
CUB,NLD,2018,170
CUB,NLD,2019,42
CUB,NLD,2020,18
CUB,NLD,2021,25
CUB,NLD,2022,13
CUB,NLD,2023,17
CUB,NOR,2010,6
CUB,NOR,2012,5
CUB,NOR,2013,10
CUB,NOR,2014,14
CUB,NOR,2015,5
CUB,NOR,2017,5
CUB,NOR,2022,6
CUB,NOR,2023,19
CUB,PAN,2008,5
CUB,PAN,2009,9
CUB,PAN,2010,26
CUB,PAN,2011,66
CUB,PAN,2012,39
CUB,PAN,2013,45
CUB,PAN,2014,165
CUB,PAN,2015,108
CUB,PAN,2016,33
CUB,PAN,2017,32
CUB,PAN,2018,2075
CUB,PAN,2019,2292
CUB,PAN,2020,103
CUB,PAN,2021,21
CUB,PAN,2022,101
CUB,PAN,2023,40
CUB,PER,2008,49
CUB,PER,2009,30
CUB,PER,2010,128
CUB,PER,2011,92
CUB,PER,2012,62
CUB,PER,2013,48
CUB,PER,2014,66
CUB,PER,2015,59
CUB,PER,2016,427
CUB,PER,2017,762
CUB,PER,2018,1268
CUB,PER,2019,595
CUB,PER,2020,122
CUB,PER,2021,8
CUB,PER,2022,304
CUB,PER,2023,1096
CUB,POL,2009,8
CUB,POL,2014,5
CUB,POL,2015,5
CUB,POL,2017,10
CUB,POL,2018,5
CUB,POL,2019,33
CUB,POL,2020,8
CUB,POL,2021,41
CUB,POL,2022,11
CUB,POL,2023,17
CUB,PRT,2013,5
CUB,PRT,2016,5
CUB,PRT,2019,21
CUB,PRT,2021,5
CUB,PRT,2023,5
CUB,PRY,2008,5
CUB,PRY,2009,6
CUB,PRY,2010,7
CUB,PRY,2011,5
CUB,PRY,2012,5
CUB,PRY,2014,10
CUB,PRY,2016,18
CUB,PRY,2017,19
CUB,PRY,2018,222
CUB,PRY,2019,382
CUB,PRY,2020,113
CUB,PRY,2021,152
CUB,PRY,2022,263
CUB,PRY,2023,277
CUB,ROU,2008,6
CUB,ROU,2011,5
CUB,ROU,2013,5
CUB,ROU,2015,5
CUB,ROU,2017,6
CUB,ROU,2018,6
CUB,ROU,2019,12
CUB,ROU,2020,5
CUB,ROU,2022,19
CUB,ROU,2023,10
CUB,RUS,2008,14
CUB,RUS,2009,8
CUB,RUS,2010,11
CUB,RUS,2018,7
CUB,RUS,2020,11
CUB,RUS,2021,17
CUB,RUS,2022,24
CUB,RUS,2023,20
CUB,SLV,2011,5
CUB,SLV,2014,5
CUB,SLV,2019,5
CUB,SLV,2021,6
CUB,SLV,2022,20
CUB,SLV,2023,42
CUB,SRB,2013,13
CUB,SRB,2014,13
CUB,SRB,2016,10
CUB,SRB,2017,30
CUB,SRB,2018,5
CUB,SRB,2019,6
CUB,SRB,2021,5
CUB,SRB,2022,40
CUB,SRB,2023,27
CUB,SUR,2016,40
CUB,SUR,2017,88
CUB,SUR,2018,144
CUB,SUR,2019,1037
CUB,SUR,2020,683
CUB,SUR,2021,430
CUB,SUR,2022,307
CUB,SUR,2023,546
CUB,SVK,2008,8
CUB,SVK,2009,5
CUB,SVK,2011,5
CUB,SVK,2012,7
CUB,SVK,2015,5
CUB,SVK,2017,8
CUB,SVK,2023,5
CUB,SVN,2008,5
CUB,SVN,2012,7
CUB,SVN,2013,7
CUB,SVN,2014,6
CUB,SVN,2016,5
CUB,SVN,2017,12
CUB,SVN,2019,28
CUB,SVN,2021,39
CUB,SVN,2022,603
CUB,SVN,2023,69
CUB,SWE,2008,54
CUB,SWE,2009,42
CUB,SWE,2010,43
CUB,SWE,2011,50
CUB,SWE,2012,79
CUB,SWE,2013,93
CUB,SWE,2014,113
CUB,SWE,2015,67
CUB,SWE,2016,101
CUB,SWE,2017,89
CUB,SWE,2018,64
CUB,SWE,2019,53
CUB,SWE,2020,61
CUB,SWE,2021,40
CUB,SWE,2022,56
CUB,SWE,2023,40
CUB,SXM,2012,10
CUB,SXM,2019,5
CUB,TCA,2012,21
CUB,TCA,2013,7
CUB,TTO,2010,5
CUB,TTO,2013,26
CUB,TTO,2014,107
CUB,TTO,2015,47
CUB,TTO,2016,66
CUB,TTO,2017,745
CUB,TTO,2018,1229
CUB,TTO,2019,480
CUB,TTO,2020,146
CUB,TTO,2021,21
CUB,TTO,2022,180
CUB,TTO,2023,5
CUB,UKR,2008,5
CUB,UKR,2014,5
CUB,UKR,2019,5
CUB,URY,2015,26
CUB,URY,2016,341
CUB,URY,2017,2278
CUB,URY,2018,6577
CUB,URY,2019,10853
CUB,URY,2020,2215
CUB,URY,2021,1446
CUB,URY,2022,6274
CUB,URY,2023,7335
CUB,USA,2008,370
CUB,USA,2009,340
CUB,USA,2010,287
CUB,USA,2011,242
CUB,USA,2012,195
CUB,USA,2013,149
CUB,USA,2014,169
CUB,USA,2015,135
CUB,USA,2016,147
CUB,USA,2017,770
CUB,USA,2018,1588
CUB,USA,2019,9238
CUB,USA,2020,9548
CUB,USA,2021,12987
CUB,USA,2022,157537
CUB,USA,2023,99745
DOM,ARG,2008,125
DOM,ARG,2009,308
DOM,ARG,2010,97
DOM,ARG,2011,135
DOM,ARG,2012,171
DOM,ARG,2013,9
DOM,ARG,2014,45
DOM,ARG,2015,42
DOM,ARG,2016,52
DOM,ARG,2017,221
DOM,ARG,2018,256
DOM,ARG,2019,233
DOM,ARG,2020,70
DOM,ARG,2021,49
DOM,ARG,2022,25
DOM,ARG,2023,21
DOM,AUT,2016,5
DOM,BEL,2009,9
DOM,BEL,2011,5
DOM,BEL,2013,7
DOM,BEL,2014,5
DOM,BEL,2015,5
DOM,BEL,2016,20
DOM,BEL,2017,5
DOM,BEL,2018,5
DOM,BEL,2019,6
DOM,BEL,2022,6
DOM,BEL,2023,5
DOM,BGR,2022,5
DOM,BRA,2012,5
DOM,BRA,2013,109
DOM,BRA,2014,268
DOM,BRA,2015,404
DOM,BRA,2016,107
DOM,BRA,2017,118
DOM,BRA,2018,109
DOM,BRA,2019,123
DOM,BRA,2020,31
DOM,BRA,2021,6
DOM,BRA,2022,205
DOM,BRA,2023,260
DOM,CAN,2008,61
DOM,CAN,2009,91
DOM,CAN,2010,62
DOM,CAN,2011,80
DOM,CAN,2012,49
DOM,CAN,2013,27
DOM,CAN,2014,29
DOM,CAN,2015,27
DOM,CAN,2016,44
DOM,CAN,2017,77
DOM,CAN,2018,94
DOM,CAN,2019,84
DOM,CAN,2020,40
DOM,CAN,2021,70
DOM,CAN,2022,173
DOM,CAN,2023,264
DOM,CHE,2022,5
DOM,CHL,2014,5
DOM,CHL,2016,64
DOM,CHL,2017,53
DOM,CHL,2018,59
DOM,CHL,2019,8
DOM,CHL,2021,12
DOM,COL,2022,5
DOM,CRI,2014,6
DOM,CRI,2016,5
DOM,CRI,2019,67
DOM,CRI,2020,26
DOM,CRI,2021,41
DOM,CRI,2022,88
DOM,CRI,2023,21
DOM,CYP,2011,5
DOM,CYP,2016,5
DOM,CYP,2023,5
DOM,DEU,2013,5
DOM,DEU,2014,5
DOM,DEU,2015,5
DOM,DEU,2016,5
DOM,DEU,2018,5
DOM,DEU,2019,11
DOM,DEU,2020,5
DOM,DEU,2022,5
DOM,DEU,2023,5
DOM,ECU,2008,30
DOM,ECU,2009,33
DOM,ECU,2010,34
DOM,ECU,2011,28
DOM,ECU,2012,6
DOM,ECU,2013,15
DOM,ECU,2017,5
DOM,ECU,2019,5
DOM,ECU,2020,5
DOM,ESP,2009,5
DOM,ESP,2010,5
DOM,ESP,2012,5
DOM,ESP,2013,5
DOM,ESP,2014,16
DOM,ESP,2015,279
DOM,ESP,2016,40
DOM,ESP,2017,221
DOM,ESP,2018,290
DOM,ESP,2019,165
DOM,ESP,2020,81
DOM,ESP,2021,96
DOM,ESP,2022,93
DOM,ESP,2023,104
DOM,FRA,2008,35
DOM,FRA,2009,146
DOM,FRA,2010,175
DOM,FRA,2011,142
DOM,FRA,2012,200
DOM,FRA,2013,269
DOM,FRA,2014,387
DOM,FRA,2015,506
DOM,FRA,2016,621
DOM,FRA,2017,562
DOM,FRA,2018,396
DOM,FRA,2019,667
DOM,FRA,2020,208
DOM,FRA,2021,156
DOM,FRA,2022,480
DOM,FRA,2023,396
DOM,GBR,2010,5
DOM,GBR,2017,5
DOM,GBR,2019,13
DOM,GBR,2022,5
DOM,GBR,2023,5
DOM,GRC,2008,11
DOM,GRC,2009,39
DOM,GRC,2010,7
DOM,GRC,2011,68
DOM,GRC,2012,257
DOM,GRC,2013,17
DOM,GRC,2014,38
DOM,GRC,2015,57
DOM,GRC,2016,87
DOM,GRC,2017,95
DOM,GRC,2018,39
DOM,GRC,2019,20
DOM,GRC,2020,11
DOM,GRC,2021,10
DOM,GRC,2023,5
DOM,HUN,2015,16
DOM,IRL,2019,5
DOM,IRL,2022,5
DOM,ISR,2023,10
DOM,ITA,2010,5
DOM,ITA,2011,5
DOM,ITA,2012,5
DOM,ITA,2013,5
DOM,ITA,2014,5
DOM,ITA,2015,13
DOM,ITA,2016,20
DOM,ITA,2017,11
DOM,ITA,2018,32
DOM,ITA,2019,28
DOM,ITA,2020,11
DOM,ITA,2021,20
DOM,ITA,2022,37
DOM,ITA,2023,85
DOM,MEX,2010,16
DOM,MEX,2011,5
DOM,MEX,2012,5
DOM,MEX,2013,5
DOM,MEX,2014,5
DOM,MEX,2016,5
DOM,MEX,2017,5
DOM,MEX,2018,10
DOM,MEX,2019,34
DOM,MEX,2020,32
DOM,MEX,2021,200
DOM,MEX,2022,1423
DOM,MEX,2023,440
DOM,NLD,2018,5
DOM,NLD,2019,9
DOM,NLD,2020,5
DOM,NLD,2022,7
DOM,NLD,2023,13
DOM,PAN,2011,5
DOM,PAN,2012,11
DOM,PAN,2015,35
DOM,PAN,2016,33
DOM,PAN,2018,12
DOM,PAN,2019,6
DOM,PER,2010,5
DOM,PER,2012,14
DOM,PER,2013,24
DOM,PER,2014,25
DOM,PER,2015,13
DOM,PER,2016,11
DOM,PER,2017,10
DOM,PER,2018,31
DOM,PER,2019,9
DOM,PER,2020,15
DOM,PER,2023,5
DOM,PRT,2022,92
DOM,PRT,2023,31
DOM,PRY,2021,8
DOM,ROU,2013,5
DOM,SUR,2017,5
DOM,SUR,2018,14
DOM,SWE,2015,7
DOM,TTO,2017,5
DOM,TTO,2018,70
DOM,TTO,2019,55
DOM,TTO,2020,7
DOM,TTO,2021,5
DOM,TTO,2022,12
DOM,TUR,2015,5
DOM,URY,2017,5
DOM,URY,2018,12
DOM,URY,2019,193
DOM,URY,2020,100
DOM,URY,2021,69
DOM,URY,2022,464
DOM,URY,2023,433
DOM,USA,2008,59
DOM,USA,2009,72
DOM,USA,2010,120
DOM,USA,2011,214
DOM,USA,2012,301
DOM,USA,2013,208
DOM,USA,2014,250
DOM,USA,2015,230
DOM,USA,2016,362
DOM,USA,2017,379
DOM,USA,2018,397
DOM,USA,2019,397
DOM,USA,2020,330
DOM,USA,2021,363
DOM,USA,2022,1074
DOM,USA,2023,5232
ECU,ARG,2008,5
ECU,ARG,2012,5
ECU,ARG,2017,5
ECU,ARG,2019,6
ECU,ARG,2020,9
ECU,ARG,2021,16
ECU,ARG,2023,6
ECU,AUS,2017,5
ECU,AUS,2023,5
ECU,BEL,2019,5
ECU,BEL,2020,5
ECU,BEL,2021,10
ECU,BEL,2022,21
ECU,BEL,2023,72
ECU,BGR,2023,5
ECU,BLZ,2023,5
ECU,BOL,2019,5
ECU,BOL,2020,7
ECU,BOL,2021,5
ECU,BOL,2022,5
ECU,BRA,2010,5
ECU,BRA,2011,5
ECU,BRA,2012,8
ECU,BRA,2013,8
ECU,BRA,2015,5
ECU,BRA,2016,5
ECU,BRA,2017,10
ECU,BRA,2018,11
ECU,BRA,2019,14
ECU,BRA,2020,10
ECU,BRA,2021,7
ECU,BRA,2022,46
ECU,BRA,2023,96
ECU,CAN,2008,61
ECU,CAN,2009,47
ECU,CAN,2010,32
ECU,CAN,2011,35
ECU,CAN,2012,28
ECU,CAN,2013,10
ECU,CAN,2014,11
ECU,CAN,2015,12
ECU,CAN,2016,18
ECU,CAN,2017,33
ECU,CAN,2018,50
ECU,CAN,2019,86
ECU,CAN,2020,35
ECU,CAN,2021,79
ECU,CAN,2022,164
ECU,CAN,2023,419
ECU,CHE,2009,5
ECU,CHE,2012,5
ECU,CHE,2022,5
ECU,CHL,2008,19
ECU,CHL,2011,5
ECU,CHL,2015,7
ECU,CHL,2016,20
ECU,CHL,2017,8
ECU,CHL,2023,101
ECU,COL,2008,5
ECU,COL,2011,5
ECU,COL,2012,5
ECU,COL,2013,11
ECU,COL,2016,5
ECU,COL,2020,5
ECU,COL,2021,7
ECU,COL,2022,23
ECU,COL,2023,25
ECU,CRI,2009,5
ECU,CRI,2012,5
ECU,CRI,2014,5
ECU,CRI,2016,5
ECU,CRI,2017,5
ECU,CRI,2018,5
ECU,CRI,2019,5
ECU,CRI,2021,44
ECU,CRI,2022,80
ECU,CRI,2023,38
ECU,CZE,2013,5
ECU,DEU,2008,5
ECU,DEU,2014,5
ECU,DEU,2016,5
ECU,DEU,2019,5
ECU,DEU,2022,21
ECU,DEU,2023,37
ECU,DOM,2022,5
ECU,DOM,2023,9
ECU,ECU,2009,5
ECU,ESP,2008,5
ECU,ESP,2010,6
ECU,ESP,2011,5
ECU,ESP,2013,9
ECU,ESP,2014,12
ECU,ESP,2015,11
ECU,ESP,2016,8
ECU,ESP,2017,35
ECU,ESP,2018,47
ECU,ESP,2019,208
ECU,ESP,2020,272
ECU,ESP,2021,242
ECU,ESP,2022,632
ECU,ESP,2023,1110
ECU,EST,2023,5
ECU,FIN,2012,5
ECU,FIN,2022,5
ECU,FRA,2008,6
ECU,FRA,2015,5
ECU,FRA,2019,5
ECU,FRA,2020,10
ECU,FRA,2021,14
ECU,FRA,2022,21
ECU,FRA,2023,31
ECU,GBR,2008,25
ECU,GBR,2009,5
ECU,GBR,2010,11
ECU,GBR,2011,10
ECU,GBR,2013,7
ECU,GBR,2016,5
ECU,GBR,2018,9
ECU,GBR,2019,13
ECU,GBR,2020,6
ECU,GBR,2021,5
ECU,GBR,2022,34
ECU,GBR,2023,42
ECU,GTM,2016,9
ECU,GTM,2022,5
ECU,GTM,2023,5
ECU,HND,2022,5
ECU,HND,2023,5
ECU,ISL,2022,5
ECU,ISL,2023,6
ECU,ISR,2008,7
ECU,ISR,2018,14
ECU,ISR,2019,15
ECU,ISR,2020,15
ECU,ISR,2022,14
ECU,ISR,2023,25
ECU,ITA,2008,6
ECU,ITA,2010,12
ECU,ITA,2012,8
ECU,ITA,2013,5
ECU,ITA,2014,8
ECU,ITA,2015,12
ECU,ITA,2016,33
ECU,ITA,2017,13
ECU,ITA,2018,16
ECU,ITA,2019,33
ECU,ITA,2020,28
ECU,ITA,2021,30
ECU,ITA,2022,61
ECU,ITA,2023,213
ECU,MDA,2022,5
ECU,MEX,2008,5
ECU,MEX,2010,5
ECU,MEX,2011,6
ECU,MEX,2012,5
ECU,MEX,2013,5
ECU,MEX,2015,5
ECU,MEX,2016,20
ECU,MEX,2017,23
ECU,MEX,2018,22
ECU,MEX,2019,78
ECU,MEX,2020,85
ECU,MEX,2021,245
ECU,MEX,2022,1241
ECU,MEX,2023,1574
ECU,MNE,2020,5
ECU,MNE,2022,5
ECU,NLD,2009,5
ECU,NLD,2011,5
ECU,NLD,2013,5
ECU,NLD,2023,28
ECU,NOR,2009,10
ECU,NOR,2010,5
ECU,PAN,2013,5
ECU,PAN,2018,20
ECU,PAN,2019,6
ECU,PAN,2021,8
ECU,PAN,2022,5
ECU,PAN,2023,6
ECU,PER,2010,7
ECU,PER,2013,5
ECU,PER,2014,6
ECU,PER,2016,8
ECU,PER,2017,21
ECU,PER,2018,40
ECU,PER,2019,31
ECU,PER,2020,166
ECU,PER,2021,6
ECU,PER,2022,11
ECU,PER,2023,102
ECU,PRY,2021,5
ECU,PRY,2023,5
ECU,ROU,2008,6
ECU,ROU,2011,5
ECU,ROU,2022,5
ECU,SLV,2023,8
ECU,SWE,2008,22
ECU,SWE,2009,36
ECU,SWE,2010,19
ECU,SWE,2011,17
ECU,SWE,2012,6
ECU,SWE,2013,11
ECU,SWE,2014,12
ECU,SWE,2015,16
ECU,SWE,2016,16
ECU,SWE,2017,16
ECU,SWE,2018,32
ECU,SWE,2019,35
ECU,SWE,2020,14
ECU,SWE,2022,21
ECU,SWE,2023,21
ECU,URY,2019,5
ECU,URY,2020,5
ECU,URY,2021,16
ECU,URY,2022,10
ECU,URY,2023,17
ECU,USA,2008,168
ECU,USA,2009,174
ECU,USA,2010,404
ECU,USA,2011,807
ECU,USA,2012,1394
ECU,USA,2013,1848
ECU,USA,2014,3545
ECU,USA,2015,3732
ECU,USA,2016,4423
ECU,USA,2017,3964
ECU,USA,2018,4484
ECU,USA,2019,5333
ECU,USA,2020,4605
ECU,USA,2021,6558
ECU,USA,2022,22035
ECU,USA,2023,35079
ECU,VEN,2010,5
GRD,CAN,2008,36
GRD,CAN,2009,39
GRD,CAN,2010,26
GRD,CAN,2011,27
GRD,CAN,2012,23
GRD,CAN,2013,13
GRD,CAN,2014,6
GRD,CAN,2015,13
GRD,CAN,2016,5
GRD,CAN,2018,6
GRD,CAN,2019,11
GRD,CAN,2020,5
GRD,CAN,2021,10
GRD,CAN,2022,5
GRD,CAN,2023,14
GRD,GBR,2009,5
GRD,GBR,2011,13
GRD,GBR,2012,5
GRD,GBR,2013,5
GRD,GBR,2014,6
GRD,GBR,2015,5
GRD,GBR,2016,15
GRD,GBR,2017,18
GRD,GBR,2018,18
GRD,GBR,2019,29
GRD,GBR,2020,26
GRD,GBR,2021,22
GRD,GBR,2022,43
GRD,GBR,2023,40
GRD,USA,2009,10
GRD,USA,2010,19
GRD,USA,2011,25
GRD,USA,2012,18
GRD,USA,2013,6
GRD,USA,2014,10
GRD,USA,2015,5
GRD,USA,2016,5
GRD,USA,2017,6
GRD,USA,2019,9
GRD,USA,2022,7
GRD,USA,2023,10
GTM,ARG,2017,5
GTM,AUT,2021,5
GTM,BEL,2009,7
GTM,BEL,2012,12
GTM,BEL,2013,16
GTM,BEL,2014,5
GTM,BEL,2016,5
GTM,BEL,2017,10
GTM,BEL,2018,25
GTM,BEL,2019,13
GTM,BEL,2020,10
GTM,BEL,2021,15
GTM,BEL,2022,96
GTM,BEL,2023,68
GTM,BLZ,2008,5
GTM,BLZ,2009,10
GTM,BLZ,2011,8
GTM,BLZ,2013,14
GTM,BLZ,2014,5
GTM,BLZ,2015,108
GTM,BLZ,2016,376
GTM,BLZ,2018,5
GTM,BLZ,2019,21
GTM,BLZ,2020,12
GTM,BLZ,2022,12
GTM,BLZ,2023,36
GTM,BRA,2017,5
GTM,BRA,2018,5
GTM,BRA,2019,7
GTM,BRA,2020,5
GTM,BRA,2022,8
GTM,BRA,2023,5
GTM,CAN,2008,288
GTM,CAN,2009,288
GTM,CAN,2010,314
GTM,CAN,2011,261
GTM,CAN,2012,120
GTM,CAN,2013,73
GTM,CAN,2014,42
GTM,CAN,2015,49
GTM,CAN,2016,51
GTM,CAN,2017,217
GTM,CAN,2018,153
GTM,CAN,2019,166
GTM,CAN,2020,56
GTM,CAN,2021,127
GTM,CAN,2022,248
GTM,CAN,2023,324
GTM,CHE,2022,5
GTM,CHL,2018,5
GTM,CRI,2008,5
GTM,CRI,2009,11
GTM,CRI,2010,14
GTM,CRI,2011,16
GTM,CRI,2012,27
GTM,CRI,2013,13
GTM,CRI,2014,17
GTM,CRI,2015,6
GTM,CRI,2016,27
GTM,CRI,2017,26
GTM,CRI,2018,13
GTM,CRI,2019,42
GTM,CRI,2020,8
GTM,CRI,2021,76
GTM,CRI,2022,44
GTM,CRI,2023,13
GTM,DEU,2012,12
GTM,DEU,2014,5
GTM,DEU,2017,5
GTM,DEU,2018,5
GTM,DEU,2019,8
GTM,DEU,2022,6
GTM,DEU,2023,17
GTM,ECU,2008,5
GTM,ESP,2008,16
GTM,ESP,2009,17
GTM,ESP,2010,10
GTM,ESP,2011,17
GTM,ESP,2012,8
GTM,ESP,2013,7
GTM,ESP,2014,7
GTM,ESP,2015,10
GTM,ESP,2016,30
GTM,ESP,2017,54
GTM,ESP,2018,172
GTM,ESP,2019,518
GTM,ESP,2020,463
GTM,ESP,2021,225
GTM,ESP,2022,303
GTM,ESP,2023,419
GTM,FIN,2011,5
GTM,FRA,2012,5
GTM,FRA,2015,5
GTM,FRA,2016,5
GTM,FRA,2020,11
GTM,FRA,2021,5
GTM,FRA,2022,18
GTM,GBR,2009,6
GTM,GBR,2015,7
GTM,GBR,2016,7
GTM,GBR,2017,12
GTM,GBR,2018,10
GTM,GBR,2019,11
GTM,GBR,2020,11
GTM,GBR,2021,16
GTM,GBR,2022,43
GTM,GBR,2023,71
GTM,IRL,2018,5
GTM,IRL,2019,11
GTM,IRL,2020,10
GTM,IRL,2022,22
GTM,IRL,2023,34
GTM,ISL,2022,5
GTM,ISL,2023,5
GTM,ITA,2009,5
GTM,ITA,2015,5
GTM,ITA,2017,5
GTM,ITA,2018,14
GTM,ITA,2019,27
GTM,ITA,2020,17
GTM,ITA,2021,13
GTM,ITA,2022,24
GTM,ITA,2023,35
GTM,MEX,2008,18
GTM,MEX,2009,39
GTM,MEX,2010,59
GTM,MEX,2011,69
GTM,MEX,2012,54
GTM,MEX,2013,46
GTM,MEX,2014,52
GTM,MEX,2015,102
GTM,MEX,2016,437
GTM,MEX,2017,676
GTM,MEX,2018,1383
GTM,MEX,2019,3778
GTM,MEX,2020,3005
GTM,MEX,2021,4149
GTM,MEX,2022,5269
GTM,MEX,2023,6111
GTM,NIC,2014,5
GTM,NLD,2011,5
GTM,NLD,2012,5
GTM,NLD,2021,5
GTM,NLD,2023,5
GTM,NOR,2008,5
GTM,NOR,2013,12
GTM,NOR,2023,5
GTM,PAN,2011,5
GTM,PAN,2015,6
GTM,PAN,2016,6
GTM,PAN,2017,5
GTM,PAN,2018,6
GTM,PAN,2019,5
GTM,PHL,2020,5
GTM,PRY,2021,5
GTM,SLV,2020,5
GTM,SLV,2021,8
GTM,SLV,2022,5
GTM,SLV,2023,8
GTM,SWE,2008,8
GTM,SWE,2011,8
GTM,SWE,2013,21
GTM,SWE,2014,13
GTM,SWE,2017,5
GTM,SWE,2018,10
GTM,SWE,2019,31
GTM,SWE,2020,15
GTM,SWE,2022,12
GTM,SWE,2023,12
GTM,USA,2008,1853
GTM,USA,2009,1740
GTM,USA,2010,2171
GTM,USA,2011,3671
GTM,USA,2012,4152
GTM,USA,2013,4865
GTM,USA,2014,9098
GTM,USA,2015,16419
GTM,USA,2016,25723
GTM,USA,2017,35546
GTM,USA,2018,36732
GTM,USA,2019,55314
GTM,USA,2020,38301
GTM,USA,2021,24341
GTM,USA,2022,40677
GTM,USA,2023,43641
GUY,BRA,2014,5
GUY,BRA,2015,5
GUY,BRA,2017,21
GUY,BRA,2018,47
GUY,BRA,2019,64
GUY,BRA,2020,12
GUY,BRA,2021,10
GUY,BRA,2022,79
GUY,BRA,2023,58
GUY,CAN,2008,137
GUY,CAN,2009,98
GUY,CAN,2010,62
GUY,CAN,2011,63
GUY,CAN,2012,36
GUY,CAN,2013,20
GUY,CAN,2014,8
GUY,CAN,2015,41
GUY,CAN,2016,30
GUY,CAN,2017,71
GUY,CAN,2018,58
GUY,CAN,2019,45
GUY,CAN,2020,5
GUY,CAN,2021,39
GUY,CAN,2022,57
GUY,CAN,2023,45
GUY,CRI,2021,11
GUY,FRA,2009,13
GUY,FRA,2010,16
GUY,FRA,2011,126
GUY,FRA,2012,54
GUY,FRA,2013,33
GUY,FRA,2014,36
GUY,FRA,2015,38
GUY,FRA,2016,17
GUY,FRA,2018,16
GUY,FRA,2019,20
GUY,FRA,2021,8
GUY,FRA,2022,11
GUY,GBR,2008,14
GUY,GBR,2009,14
GUY,GBR,2010,8
GUY,GBR,2011,13
GUY,GBR,2012,6
GUY,GBR,2013,11
GUY,GBR,2014,5
GUY,GBR,2015,7
GUY,GBR,2016,6
GUY,GBR,2017,6
GUY,GBR,2018,10
GUY,GBR,2019,10
GUY,GBR,2020,5
GUY,GBR,2022,6
GUY,GBR,2023,25
GUY,GRC,2023,8
GUY,HUN,2009,5
GUY,IRL,2009,10
GUY,IRL,2010,5
GUY,IRL,2016,5
GUY,IRL,2018,5
GUY,IRL,2022,5
GUY,IRL,2023,7
GUY,MEX,2019,5
GUY,MEX,2020,5
GUY,MEX,2021,19
GUY,MEX,2022,19
GUY,MEX,2023,87
GUY,NLD,2012,5
GUY,NLD,2022,5
GUY,PER,2023,5
GUY,TTO,2016,5
GUY,TTO,2017,5
GUY,TTO,2018,15
GUY,TTO,2019,37
GUY,TTO,2020,21
GUY,TTO,2021,10
GUY,TTO,2022,27
GUY,USA,2008,65
GUY,USA,2009,71
GUY,USA,2010,60
GUY,USA,2011,55
GUY,USA,2012,55
GUY,USA,2013,45
GUY,USA,2014,61
GUY,USA,2015,62
GUY,USA,2016,90
GUY,USA,2017,132
GUY,USA,2018,157
GUY,USA,2019,149
GUY,USA,2020,118
GUY,USA,2021,87
GUY,USA,2022,92
GUY,USA,2023,342
HND,ARG,2011,8
HND,ARG,2017,5
HND,ARG,2018,8
HND,ARG,2019,10
HND,ARG,2023,5
HND,AUS,2015,5
HND,AUS,2016,5
HND,AUS,2017,6
HND,AUS,2022,5
HND,BEL,2014,5
HND,BEL,2016,5
HND,BEL,2017,15
HND,BEL,2018,5
HND,BEL,2019,6
HND,BEL,2020,5
HND,BEL,2021,10
HND,BEL,2022,15
HND,BEL,2023,31
HND,BLZ,2012,12
HND,BLZ,2013,6
HND,BLZ,2015,85
HND,BLZ,2016,490
HND,BLZ,2017,65
HND,BLZ,2018,45
HND,BLZ,2019,107
HND,BLZ,2020,39
HND,BLZ,2021,7
HND,BLZ,2022,36
HND,BLZ,2023,74
HND,BOL,2010,5
HND,BRA,2017,5
HND,BRA,2018,6
HND,BRA,2019,6
HND,BRA,2023,14
HND,CAN,2008,473
HND,CAN,2009,341
HND,CAN,2010,323
HND,CAN,2011,299
HND,CAN,2012,279
HND,CAN,2013,134
HND,CAN,2014,179
HND,CAN,2015,144
HND,CAN,2016,137
HND,CAN,2017,308
HND,CAN,2018,258
HND,CAN,2019,302
HND,CAN,2020,114
HND,CAN,2021,145
HND,CAN,2022,251
HND,CAN,2023,297
HND,CHE,2012,5
HND,CHE,2018,6
HND,CHE,2019,5
HND,CHE,2021,6
HND,CHE,2022,5
HND,CHE,2023,5
HND,CHL,2014,5
HND,COL,2013,5
HND,COL,2015,5
HND,CRI,2009,26
HND,CRI,2010,40
HND,CRI,2011,47
HND,CRI,2012,34
HND,CRI,2013,73
HND,CRI,2014,107
HND,CRI,2015,124
HND,CRI,2016,201
HND,CRI,2017,256
HND,CRI,2018,220
HND,CRI,2019,456
HND,CRI,2020,129
HND,CRI,2021,335
HND,CRI,2022,368
HND,CRI,2023,93
HND,DEU,2009,5
HND,DEU,2010,5
HND,DEU,2011,21
HND,DEU,2012,5
HND,DEU,2013,5
HND,DEU,2014,5
HND,DEU,2015,20
HND,DEU,2016,11
HND,DEU,2017,21
HND,DEU,2018,29
HND,DEU,2019,55
HND,DEU,2020,16
HND,DEU,2021,30
HND,DEU,2022,70
HND,DEU,2023,83
HND,ECU,2008,5
HND,ECU,2010,5
HND,ECU,2018,5
HND,ECU,2019,5
HND,ESP,2008,10
HND,ESP,2009,15
HND,ESP,2010,42
HND,ESP,2011,45
HND,ESP,2012,41
HND,ESP,2013,38
HND,ESP,2014,60
HND,ESP,2015,148
HND,ESP,2016,399
HND,ESP,2017,983
HND,ESP,2018,2464
HND,ESP,2019,6792
HND,ESP,2020,5536
HND,ESP,2021,2254
HND,ESP,2022,3017
HND,ESP,2023,3685
HND,FIN,2008,5
HND,FIN,2010,5
HND,FIN,2015,5
HND,FIN,2016,5
HND,FIN,2017,5
HND,FIN,2018,5
HND,FIN,2019,28
HND,FIN,2021,16
HND,FIN,2022,11
HND,FIN,2023,9
HND,FRA,2012,5
HND,FRA,2014,5
HND,FRA,2015,8
HND,FRA,2017,5
HND,FRA,2018,41
HND,FRA,2019,32
HND,FRA,2020,26
HND,FRA,2021,29
HND,FRA,2022,22
HND,FRA,2023,21
HND,GBR,2009,13
HND,GBR,2011,5
HND,GBR,2012,25
HND,GBR,2013,7
HND,GBR,2014,19
HND,GBR,2015,12
HND,GBR,2016,5
HND,GBR,2017,11
HND,GBR,2018,90
HND,GBR,2019,208
HND,GBR,2020,250
HND,GBR,2021,553
HND,GBR,2022,1174
HND,GBR,2023,990
HND,GTM,2012,7
HND,GTM,2014,20
HND,GTM,2015,17
HND,GTM,2016,13
HND,GTM,2017,14
HND,GTM,2018,38
HND,GTM,2019,129
HND,GTM,2020,207
HND,GTM,2021,412
HND,GTM,2022,308
HND,GTM,2023,423
HND,IRL,2014,5
HND,IRL,2020,5
HND,IRL,2021,5
HND,IRL,2022,10
HND,IRL,2023,11
HND,ISL,2013,5
HND,ISL,2019,5
HND,ISL,2020,5
HND,ISL,2022,30
HND,ISL,2023,6
HND,ITA,2010,10
HND,ITA,2011,6
HND,ITA,2015,17
HND,ITA,2016,45
HND,ITA,2017,84
HND,ITA,2018,217
HND,ITA,2019,362
HND,ITA,2020,148
HND,ITA,2021,83
HND,ITA,2022,183
HND,ITA,2023,228
HND,MEX,2008,55
HND,MEX,2009,184
HND,MEX,2010,135
HND,MEX,2011,168
HND,MEX,2012,272
HND,MEX,2013,529
HND,MEX,2014,768
HND,MEX,2015,1560
HND,MEX,2016,4119
HND,MEX,2017,4272
HND,MEX,2018,13631
HND,MEX,2019,30093
HND,MEX,2020,15469
HND,MEX,2021,36361
HND,MEX,2022,31092
HND,MEX,2023,41936
HND,NIC,2009,51
HND,NIC,2010,6
HND,NIC,2011,5
HND,NIC,2012,5
HND,NIC,2013,21
HND,NIC,2014,14
HND,NIC,2015,31
HND,NIC,2016,9
HND,NIC,2017,10
HND,NLD,2010,7
HND,NLD,2015,13
HND,NLD,2016,7
HND,NLD,2017,7
HND,NLD,2019,10
HND,NLD,2020,6
HND,NLD,2021,8
HND,NLD,2022,5
HND,NLD,2023,11
HND,NOR,2009,10
HND,NOR,2014,5
HND,NOR,2016,5
HND,PAN,2012,5
HND,PAN,2014,5
HND,PAN,2015,34
HND,PAN,2016,39
HND,PAN,2017,16
HND,PAN,2018,36
HND,PAN,2019,29
HND,PAN,2020,5
HND,PAN,2021,6
HND,PAN,2022,5
HND,PAN,2023,5
HND,PER,2018,6
HND,SLV,2009,7
HND,SLV,2010,20
HND,SLV,2013,5
HND,SLV,2014,5
HND,SLV,2015,5
HND,SLV,2017,5
HND,SLV,2018,5
HND,SLV,2019,8
HND,SLV,2020,7
HND,SLV,2021,10
HND,SLV,2022,10
HND,SLV,2023,15
HND,SWE,2008,10
HND,SWE,2009,13
HND,SWE,2010,26
HND,SWE,2011,12
HND,SWE,2012,7
HND,SWE,2013,13
HND,SWE,2014,10
HND,SWE,2015,10
HND,SWE,2016,29
HND,SWE,2017,33
HND,SWE,2018,42
HND,SWE,2019,46
HND,SWE,2020,39
HND,SWE,2021,23
HND,SWE,2022,49
HND,SWE,2023,38
HND,USA,2008,893
HND,USA,2009,850
HND,USA,2010,1030
HND,USA,2011,1559
HND,USA,2012,2115
HND,USA,2013,3165
HND,USA,2014,6798
HND,USA,2015,14255
HND,USA,2016,19470
HND,USA,2017,28955
HND,USA,2018,26241
HND,USA,2019,41468
HND,USA,2020,31998
HND,USA,2021,20496
HND,USA,2022,44072
HND,USA,2023,49691
HTI,ARG,2008,15
HTI,ARG,2009,41
HTI,ARG,2010,46
HTI,ARG,2011,28
HTI,ARG,2012,11
HTI,ARG,2013,52
HTI,ARG,2014,65
HTI,ARG,2015,112
HTI,ARG,2016,294
HTI,ARG,2017,463
HTI,ARG,2018,522
HTI,ARG,2019,242
HTI,ARG,2020,86
HTI,ARG,2021,52
HTI,ARG,2022,12
HTI,ARG,2023,5
HTI,ARM,2022,5
HTI,ARM,2023,38
HTI,AUS,2016,5
HTI,BEL,2010,9
HTI,BEL,2011,6
HTI,BEL,2014,13
HTI,BEL,2015,22
HTI,BEL,2016,11
HTI,BEL,2022,37
HTI,BEL,2023,11
HTI,BHS,2013,7
HTI,BHS,2022,5
HTI,BLZ,2023,10
HTI,BRA,2008,5
HTI,BRA,2009,5
HTI,BRA,2010,604
HTI,BRA,2011,4000
HTI,BRA,2015,5
HTI,BRA,2016,646
HTI,BRA,2017,2362
HTI,BRA,2018,7030
HTI,BRA,2019,19169
HTI,BRA,2020,5342
HTI,BRA,2021,579
HTI,BRA,2022,316
HTI,BRA,2023,167
HTI,CAN,2008,4936
HTI,CAN,2009,1597
HTI,CAN,2010,1062
HTI,CAN,2011,523
HTI,CAN,2012,417
HTI,CAN,2013,334
HTI,CAN,2014,348
HTI,CAN,2015,415
HTI,CAN,2016,634
HTI,CAN,2017,7764
HTI,CAN,2018,2606
HTI,CAN,2019,2936
HTI,CAN,2020,1506
HTI,CAN,2021,1124
HTI,CAN,2022,11461
HTI,CAN,2023,5802
HTI,CHE,2010,6
HTI,CHE,2011,5
HTI,CHE,2012,8
HTI,CHE,2013,5
HTI,CHE,2016,5
HTI,CHE,2019,5
HTI,CHE,2020,5
HTI,CHE,2022,6
HTI,CHE,2023,17
HTI,CHL,2008,17
HTI,CHL,2016,23
HTI,CHL,2017,8
HTI,CHL,2018,6
HTI,CHL,2021,29
HTI,CHL,2022,115
HTI,COL,2015,5
HTI,COL,2021,5
HTI,COL,2022,7
HTI,COL,2023,5
HTI,CRI,2008,6
HTI,CRI,2009,5
HTI,CRI,2010,5
HTI,CRI,2014,9
HTI,CRI,2015,7
HTI,CRI,2016,68
HTI,CRI,2017,62
HTI,CRI,2019,100
HTI,CRI,2020,73
HTI,CRI,2021,983
HTI,CRI,2022,77
HTI,CRI,2023,14
HTI,CUB,2018,5
HTI,CUB,2019,5
HTI,CYP,2019,11
HTI,CYP,2022,13
HTI,DEU,2011,10
HTI,DEU,2012,9
HTI,DEU,2013,17
HTI,DEU,2015,5
HTI,DEU,2016,11
HTI,DEU,2017,5
HTI,DEU,2018,12
HTI,DEU,2019,13
HTI,DEU,2020,5
HTI,DEU,2021,18
HTI,DEU,2022,40
HTI,DEU,2023,34
HTI,DNK,2009,5
HTI,DNK,2010,7
HTI,DNK,2015,5
HTI,DOM,2011,25
HTI,DOM,2012,5
HTI,DOM,2013,62
HTI,DOM,2014,8
HTI,DOM,2015,5
HTI,DOM,2016,5
HTI,DOM,2019,24
HTI,DOM,2020,31
HTI,DOM,2021,12
HTI,DOM,2022,524
HTI,DOM,2023,956
HTI,ECU,2008,15
HTI,ECU,2009,377
HTI,ECU,2010,382
HTI,ECU,2011,173
HTI,ECU,2012,37
HTI,ECU,2013,27
HTI,ECU,2017,9
HTI,ECU,2018,5
HTI,ECU,2019,6
HTI,ECU,2020,5
HTI,ECU,2021,5
HTI,ECU,2022,5
HTI,ESP,2008,12
HTI,ESP,2009,5
HTI,ESP,2010,6
HTI,ESP,2012,5
HTI,ESP,2013,5
HTI,ESP,2014,5
HTI,ESP,2017,5
HTI,ESP,2018,20
HTI,ESP,2019,49
HTI,ESP,2020,35
HTI,ESP,2021,210
HTI,ESP,2022,33
HTI,ESP,2023,47
HTI,FRA,2008,1441
HTI,FRA,2009,1832
HTI,FRA,2010,3423
HTI,FRA,2011,2245
HTI,FRA,2012,3336
HTI,FRA,2013,2866
HTI,FRA,2014,3319
HTI,FRA,2015,4527
HTI,FRA,2016,8657
HTI,FRA,2017,10824
HTI,FRA,2018,5882
HTI,FRA,2019,7612
HTI,FRA,2020,5584
HTI,FRA,2021,5169
HTI,FRA,2022,3781
HTI,FRA,2023,4186
HTI,GBR,2017,9
HTI,GRC,2016,20
HTI,GRC,2017,39
HTI,GRC,2018,17
HTI,GRC,2019,35
HTI,GRC,2020,41
HTI,GRC,2021,13
HTI,GRC,2022,38
HTI,GRC,2023,72
HTI,GTM,2022,5
HTI,GUY,2021,11
HTI,GUY,2022,9
HTI,GUY,2023,10
HTI,HND,2020,5
HTI,HND,2021,10
HTI,HUN,2015,20
HTI,ISR,2023,13
HTI,ITA,2011,9
HTI,ITA,2023,5
HTI,JAM,2019,5
HTI,KOR,2017,5
HTI,KOR,2018,5
HTI,KOR,2019,15
HTI,KOR,2020,8
HTI,KOR,2022,174
HTI,KOR,2023,19
HTI,LCA,2023,5
HTI,MEX,2008,61
HTI,MEX,2009,65
HTI,MEX,2010,39
HTI,MEX,2011,38
HTI,MEX,2012,25
HTI,MEX,2013,14
HTI,MEX,2014,24
HTI,MEX,2015,16
HTI,MEX,2016,47
HTI,MEX,2017,436
HTI,MEX,2018,82
HTI,MEX,2019,5536
HTI,MEX,2020,5964
HTI,MEX,2021,51827
HTI,MEX,2022,17153
HTI,MEX,2023,44239
HTI,NLD,2019,7
HTI,NLD,2021,15
HTI,NLD,2022,15
HTI,NLD,2023,23
HTI,PAN,2011,8
HTI,PAN,2015,36
HTI,PAN,2016,17
HTI,PAN,2017,5
HTI,PAN,2018,5
HTI,PAN,2019,5
HTI,PAN,2020,10
HTI,PER,2008,8
HTI,PER,2010,9
HTI,PER,2011,176
HTI,PER,2012,81
HTI,PER,2013,18
HTI,PER,2014,14
HTI,PER,2015,7
HTI,PER,2016,54
HTI,PER,2017,6
HTI,PER,2018,6
HTI,PER,2019,6
HTI,PER,2022,23
HTI,PER,2023,101
HTI,PRT,2018,5
HTI,PRT,2019,5
HTI,PRT,2020,5
HTI,PRT,2022,8
HTI,PRY,2021,5
HTI,ROU,2020,6
HTI,RUS,2023,5
HTI,SEN,2011,5
HTI,SLV,2021,5
HTI,SUR,2022,5
HTI,SWE,2008,5
HTI,SWE,2010,13
HTI,SWE,2019,5
HTI,SWE,2020,5
HTI,SWE,2022,5
HTI,SWE,2023,5
HTI,TTO,2018,9
HTI,TTO,2019,6
HTI,UKR,2019,5
HTI,URY,2018,5
HTI,URY,2019,12
HTI,URY,2020,6
HTI,URY,2021,9
HTI,URY,2022,6
HTI,URY,2023,5
HTI,USA,2008,2078
HTI,USA,2009,1649
HTI,USA,2010,1223
HTI,USA,2011,1377
HTI,USA,2012,1612
HTI,USA,2013,1879
HTI,USA,2014,2196
HTI,USA,2015,2220
HTI,USA,2016,3969
HTI,USA,2017,8683
HTI,USA,2018,4738
HTI,USA,2019,4833
HTI,USA,2020,7800
HTI,USA,2021,10719
HTI,USA,2022,42460
HTI,USA,2023,76024
HTI,VEN,2008,5
HTI,VEN,2021,5
HTI,ZAF,2008,5
HTI,ZAF,2009,5
JAM,ARG,2017,8
JAM,ARG,2018,5
JAM,ARG,2019,5
JAM,AUS,2015,5
JAM,BEL,2008,5
JAM,BEL,2014,9
JAM,BEL,2015,10
JAM,BEL,2022,8
JAM,BEL,2023,5
JAM,BRA,2018,5
JAM,BRA,2022,7
JAM,BRA,2023,6
JAM,BRB,2017,5
JAM,BRB,2023,5
JAM,CAN,2008,242
JAM,CAN,2009,261
JAM,CAN,2010,281
JAM,CAN,2011,332
JAM,CAN,2012,267
JAM,CAN,2013,139
JAM,CAN,2014,195
JAM,CAN,2015,224
JAM,CAN,2016,154
JAM,CAN,2017,230
JAM,CAN,2018,243
JAM,CAN,2019,257
JAM,CAN,2020,182
JAM,CAN,2021,266
JAM,CAN,2022,471
JAM,CAN,2023,634
JAM,CHE,2008,5
JAM,CHE,2009,5
JAM,CHE,2010,5
JAM,CHE,2013,5
JAM,CHE,2019,6
JAM,CHE,2020,5
JAM,CHE,2021,5
JAM,CHE,2022,5
JAM,CHE,2023,5
JAM,CRI,2019,7
JAM,CRI,2020,6
JAM,CRI,2021,29
JAM,CRI,2022,21
JAM,CUW,2010,7
JAM,DEU,2008,5
JAM,DEU,2011,8
JAM,DEU,2012,15
JAM,DEU,2013,13
JAM,DEU,2014,11
JAM,DEU,2015,14
JAM,DEU,2016,28
JAM,DEU,2017,109
JAM,DEU,2018,56
JAM,DEU,2019,48
JAM,DEU,2020,10
JAM,DEU,2021,26
JAM,DEU,2022,32
JAM,DEU,2023,23
JAM,ESP,2017,16
JAM,ESP,2018,30
JAM,ESP,2019,25
JAM,ESP,2020,7
JAM,ESP,2021,16
JAM,ESP,2022,7
JAM,ESP,2023,22
JAM,FRA,2008,8
JAM,FRA,2009,9
JAM,FRA,2012,10
JAM,FRA,2013,8
JAM,FRA,2014,11
JAM,FRA,2015,15
JAM,FRA,2016,12
JAM,FRA,2018,6
JAM,FRA,2019,13
JAM,FRA,2020,5
JAM,FRA,2021,22
JAM,FRA,2022,18
JAM,FRA,2023,13
JAM,GBR,2008,269
JAM,GBR,2009,219
JAM,GBR,2010,281
JAM,GBR,2011,209
JAM,GBR,2012,151
JAM,GBR,2013,157
JAM,GBR,2014,166
JAM,GBR,2015,202
JAM,GBR,2016,295
JAM,GBR,2017,257
JAM,GBR,2018,172
JAM,GBR,2019,116
JAM,GBR,2020,75
JAM,GBR,2021,48
JAM,GBR,2022,42
JAM,GBR,2023,37
JAM,GRC,2017,5
JAM,GRD,2017,5
JAM,IRL,2008,5
JAM,IRL,2009,5
JAM,MEX,2010,5
JAM,MEX,2018,5
JAM,MEX,2019,5
JAM,MEX,2021,10
JAM,MEX,2022,27
JAM,MEX,2023,15
JAM,NLD,2008,7
JAM,NLD,2009,18
JAM,NLD,2010,7
JAM,NLD,2011,24
JAM,NLD,2012,34
JAM,NLD,2013,29
JAM,NLD,2014,41
JAM,NLD,2015,73
JAM,NLD,2016,33
JAM,NLD,2017,11
JAM,NLD,2018,12
JAM,NLD,2019,19
JAM,NLD,2020,6
JAM,NLD,2021,23
JAM,NLD,2022,17
JAM,NLD,2023,22
JAM,PAN,2015,7
JAM,PAN,2016,7
JAM,PAN,2022,6
JAM,PAN,2023,5
JAM,POL,2017,5
JAM,SRB,2023,5
JAM,SUR,2017,5
JAM,SWE,2014,5
JAM,SWE,2016,5
JAM,SWE,2017,5
JAM,SWE,2018,5
JAM,SWE,2019,5
JAM,SWE,2020,8
JAM,SWE,2022,5
JAM,SWE,2023,5
JAM,TTO,2015,8
JAM,TTO,2016,15
JAM,TTO,2017,13
JAM,TTO,2018,36
JAM,TTO,2019,85
JAM,TTO,2020,55
JAM,TTO,2021,46
JAM,TTO,2022,115
JAM,USA,2008,152
JAM,USA,2009,183
JAM,USA,2010,302
JAM,USA,2011,398
JAM,USA,2012,306
JAM,USA,2013,239
JAM,USA,2014,252
JAM,USA,2015,267
JAM,USA,2016,342
JAM,USA,2017,410
JAM,USA,2018,445
JAM,USA,2019,438
JAM,USA,2020,312
JAM,USA,2021,398
JAM,USA,2022,1128
JAM,USA,2023,4147
JAM,ZAF,2015,5
KNA,CAN,2008,5
KNA,CAN,2009,5
KNA,CAN,2010,7
KNA,CAN,2011,13
KNA,CAN,2012,12
KNA,CAN,2013,15
KNA,CAN,2014,5
KNA,CAN,2015,13
KNA,CAN,2017,10
KNA,CAN,2023,13
KNA,GBR,2010,5
KNA,GBR,2013,5
KNA,GBR,2015,5
KNA,GBR,2016,7
KNA,GBR,2017,5
KNA,GBR,2018,8
KNA,GBR,2019,10
KNA,GBR,2020,5
KNA,GBR,2021,8
KNA,GBR,2022,8
KNA,GBR,2023,35
KNA,SWE,2015,5
KNA,SWE,2016,5
KNA,USA,2009,5
KNA,USA,2010,5
KNA,USA,2011,5
KNA,USA,2012,5
KNA,USA,2015,5
KNA,USA,2023,5
LCA,BEL,2022,5
LCA,CAN,2008,252
LCA,CAN,2009,366
LCA,CAN,2010,486
LCA,CAN,2011,599
LCA,CAN,2012,430
LCA,CAN,2013,66
LCA,CAN,2014,33
LCA,CAN,2015,44
LCA,CAN,2016,24
LCA,CAN,2017,21
LCA,CAN,2018,20
LCA,CAN,2019,26
LCA,CAN,2020,7
LCA,CAN,2021,12
LCA,CAN,2022,28
LCA,CAN,2023,48
LCA,FRA,2012,5
LCA,FRA,2014,11
LCA,FRA,2015,11
LCA,FRA,2016,10
LCA,FRA,2018,8
LCA,FRA,2019,5
LCA,FRA,2021,8
LCA,FRA,2022,30
LCA,FRA,2023,79
LCA,GBR,2008,7
LCA,GBR,2009,5
LCA,GBR,2010,5
LCA,GBR,2011,5
LCA,GBR,2012,7
LCA,GBR,2013,6
LCA,GBR,2015,24
LCA,GBR,2016,26
LCA,GBR,2017,24
LCA,GBR,2018,26
LCA,GBR,2019,25
LCA,GBR,2020,26
LCA,GBR,2021,12
LCA,GBR,2022,38
LCA,GBR,2023,84
LCA,UKR,2015,5
LCA,USA,2009,5
LCA,USA,2010,11
LCA,USA,2012,5
LCA,USA,2014,6
LCA,USA,2017,7
LCA,USA,2018,10
LCA,USA,2023,21
MEX,ARG,2015,5
MEX,ARG,2018,5
MEX,AUS,2014,5
MEX,AUS,2015,7
MEX,AUS,2016,9
MEX,AUS,2017,10
MEX,AUS,2020,5
MEX,AUS,2021,5
MEX,AUS,2022,18
MEX,AUS,2023,5
MEX,BEL,2013,8
MEX,BEL,2014,5
MEX,BEL,2015,10
MEX,BEL,2016,5
MEX,BEL,2017,5
MEX,BEL,2018,5
MEX,BEL,2019,5
MEX,BEL,2022,6
MEX,BEL,2023,14
MEX,BLZ,2023,5
MEX,BRA,2012,5
MEX,BRA,2015,13
MEX,BRA,2017,5
MEX,BRA,2018,12
MEX,BRA,2019,10
MEX,BRA,2020,7
MEX,BRA,2022,18
MEX,BRA,2023,30
MEX,CAN,2008,8069
MEX,CAN,2009,9296
MEX,CAN,2010,1299
MEX,CAN,2011,763
MEX,CAN,2012,382
MEX,CAN,2013,110
MEX,CAN,2014,65
MEX,CAN,2015,121
MEX,CAN,2016,256
MEX,CAN,2017,1599
MEX,CAN,2018,3445
MEX,CAN,2019,5950
MEX,CAN,2020,2719
MEX,CAN,2021,3926
MEX,CAN,2022,18655
MEX,CAN,2023,26735
MEX,CHE,2011,5
MEX,CHE,2018,5
MEX,CHE,2019,5
MEX,CHE,2022,5
MEX,CHE,2023,5
MEX,CHL,2012,5
MEX,CHL,2016,5
MEX,CRI,2010,7
MEX,CRI,2014,9
MEX,CRI,2015,13
MEX,CRI,2016,6
MEX,CRI,2017,8
MEX,CRI,2018,13
MEX,CRI,2019,15
MEX,CRI,2020,5
MEX,CRI,2021,44
MEX,CRI,2022,47
MEX,CRI,2023,7
MEX,CYM,2013,5
MEX,DEU,2009,5
MEX,DEU,2012,11
MEX,DEU,2014,6
MEX,DEU,2015,6
MEX,DEU,2016,5
MEX,DEU,2017,6
MEX,DEU,2018,7
MEX,DEU,2019,10
MEX,DEU,2020,14
MEX,DEU,2021,11
MEX,DEU,2022,15
MEX,DEU,2023,41
MEX,ECU,2009,7
MEX,ECU,2010,9
MEX,ECU,2017,5
MEX,ESP,2008,8
MEX,ESP,2009,26
MEX,ESP,2010,17
MEX,ESP,2011,17
MEX,ESP,2012,17
MEX,ESP,2013,20
MEX,ESP,2014,13
MEX,ESP,2015,23
MEX,ESP,2016,21
MEX,ESP,2017,27
MEX,ESP,2018,68
MEX,ESP,2019,122
MEX,ESP,2020,111
MEX,ESP,2021,88
MEX,ESP,2022,160
MEX,ESP,2023,184
MEX,FIN,2012,7
MEX,FIN,2015,12
MEX,FIN,2016,5
MEX,FIN,2017,5
MEX,FIN,2018,5
MEX,FIN,2019,7
MEX,FIN,2022,5
MEX,FIN,2023,5
MEX,FRA,2009,7
MEX,FRA,2010,5
MEX,FRA,2012,18
MEX,FRA,2013,5
MEX,FRA,2014,10
MEX,FRA,2015,13
MEX,FRA,2016,10
MEX,FRA,2017,5
MEX,FRA,2018,10
MEX,FRA,2019,12
MEX,FRA,2020,19
MEX,FRA,2021,15
MEX,FRA,2022,31
MEX,FRA,2023,18
MEX,GBR,2009,7
MEX,GBR,2010,12
MEX,GBR,2011,15
MEX,GBR,2012,11
MEX,GBR,2013,15
MEX,GBR,2014,13
MEX,GBR,2015,25
MEX,GBR,2016,34
MEX,GBR,2017,28
MEX,GBR,2018,20
MEX,GBR,2019,13
MEX,GBR,2020,39
MEX,GBR,2021,61
MEX,GBR,2022,82
MEX,GBR,2023,60
MEX,GRC,2019,8
MEX,GRC,2022,5
MEX,GTM,2008,5
MEX,GTM,2013,5
MEX,GTM,2019,5
MEX,GTM,2020,7
MEX,GTM,2021,8
MEX,GTM,2022,8
MEX,GTM,2023,29
MEX,HND,2021,5
MEX,IND,2015,10
MEX,IND,2016,5
MEX,IRL,2011,5
MEX,IRL,2018,12
MEX,IRL,2021,7
MEX,IRL,2022,5
MEX,IRL,2023,28
MEX,ISL,2022,5
MEX,ISL,2023,6
MEX,ISR,2020,8
MEX,ISR,2022,6
MEX,ITA,2011,5
MEX,ITA,2015,5
MEX,ITA,2018,15
MEX,ITA,2019,20
MEX,ITA,2020,9
MEX,ITA,2021,8
MEX,ITA,2022,19
MEX,ITA,2023,29
MEX,KOR,2016,5
MEX,LUX,2009,5
MEX,LUX,2011,5
MEX,NLD,2009,5
MEX,NLD,2010,5
MEX,NLD,2014,5
MEX,NLD,2015,5
MEX,NLD,2017,5
MEX,NLD,2019,5
MEX,NLD,2020,7
MEX,NLD,2021,16
MEX,NLD,2022,14
MEX,NLD,2023,13
MEX,NOR,2010,24
MEX,NOR,2011,15
MEX,NOR,2012,17
MEX,NOR,2014,5
MEX,NOR,2016,5
MEX,NOR,2017,5
MEX,NOR,2020,10
MEX,NOR,2023,9
MEX,NZL,2008,5
MEX,NZL,2014,5
MEX,NZL,2019,5
MEX,NZL,2022,5
MEX,NZL,2023,6
MEX,PAN,2012,5
MEX,PAN,2014,5
MEX,PAN,2023,5
MEX,PER,2018,5
MEX,PER,2020,7
MEX,PER,2023,6
MEX,SLV,2014,5
MEX,SWE,2009,5
MEX,SWE,2010,13
MEX,SWE,2011,13
MEX,SWE,2012,12
MEX,SWE,2013,26
MEX,SWE,2014,23
MEX,SWE,2015,15
MEX,SWE,2016,5
MEX,SWE,2017,16
MEX,SWE,2018,12
MEX,SWE,2019,24
MEX,SWE,2021,10
MEX,SWE,2022,15
MEX,SWE,2023,38
MEX,TTO,2013,6
MEX,URY,2014,5
MEX,URY,2022,5
MEX,USA,2008,2713
MEX,USA,2009,2295
MEX,USA,2010,3879
MEX,USA,2011,8304
MEX,USA,2012,11067
MEX,USA,2013,10077
MEX,USA,2014,13987
MEX,USA,2015,19294
MEX,USA,2016,27879
MEX,USA,2017,27460
MEX,USA,2018,31422
MEX,USA,2019,33975
MEX,USA,2020,21008
MEX,USA,2021,15531
MEX,USA,2022,21156
MEX,USA,2023,45895
NIC,ARG,2018,14
NIC,ARG,2019,13
NIC,ARG,2022,5
NIC,ARG,2023,6
NIC,AUS,2014,5
NIC,AUS,2016,6
NIC,AUT,2018,5
NIC,BEL,2011,5
NIC,BEL,2018,40
NIC,BEL,2019,10
NIC,BEL,2020,5
NIC,BEL,2021,5
NIC,BEL,2022,31
NIC,BEL,2023,22
NIC,BLZ,2008,5
NIC,BLZ,2016,5
NIC,BLZ,2018,19
NIC,BLZ,2019,30
NIC,BLZ,2020,7
NIC,BLZ,2022,7
NIC,BLZ,2023,13
NIC,BRA,2018,20
NIC,BRA,2019,11
NIC,BRA,2020,5
NIC,BRA,2022,6
NIC,BRA,2023,11
NIC,CAN,2008,38
NIC,CAN,2009,38
NIC,CAN,2010,48
NIC,CAN,2011,49
NIC,CAN,2012,22
NIC,CAN,2013,7
NIC,CAN,2014,6
NIC,CAN,2015,16
NIC,CAN,2017,25
NIC,CAN,2018,345
NIC,CAN,2019,328
NIC,CAN,2020,131
NIC,CAN,2021,106
NIC,CAN,2022,680
NIC,CAN,2023,548
NIC,CHE,2018,13
NIC,CHE,2019,12
NIC,CHE,2020,5
NIC,CHE,2021,5
NIC,CHE,2022,18
NIC,CHE,2023,13
NIC,CHL,2019,5
NIC,CRI,2008,9
NIC,CRI,2009,45
NIC,CRI,2010,19
NIC,CRI,2011,8
NIC,CRI,2012,6
NIC,CRI,2014,21
NIC,CRI,2015,38
NIC,CRI,2016,90
NIC,CRI,2017,89
NIC,CRI,2018,23151
NIC,CRI,2019,31757
NIC,CRI,2020,9984
NIC,CRI,2021,102420
NIC,CRI,2022,120612
NIC,CRI,2023,29995
NIC,DEU,2015,5
NIC,DEU,2016,5
NIC,DEU,2018,34
NIC,DEU,2019,112
NIC,DEU,2020,52
NIC,DEU,2021,85
NIC,DEU,2022,254
NIC,DEU,2023,184
NIC,DNK,2018,9
NIC,DNK,2019,37
NIC,DNK,2020,5
NIC,DNK,2021,5
NIC,DOM,2019,5
NIC,DOM,2022,5
NIC,ECU,2018,12
NIC,ECU,2021,5
NIC,ECU,2023,5
NIC,ESP,2008,7
NIC,ESP,2010,6
NIC,ESP,2011,11
NIC,ESP,2012,6
NIC,ESP,2013,5
NIC,ESP,2014,5
NIC,ESP,2015,9
NIC,ESP,2016,20
NIC,ESP,2017,31
NIC,ESP,2018,1365
NIC,ESP,2019,5931
NIC,ESP,2020,3750
NIC,ESP,2021,1260
NIC,ESP,2022,2118
NIC,ESP,2023,2759
NIC,FIN,2018,26
NIC,FIN,2019,32
NIC,FIN,2020,16
NIC,FIN,2021,34
NIC,FIN,2022,55
NIC,FIN,2023,89
NIC,FRA,2018,53
NIC,FRA,2019,67
NIC,FRA,2020,8
NIC,FRA,2021,38
NIC,FRA,2022,81
NIC,FRA,2023,30
NIC,GBR,2008,5
NIC,GBR,2009,6
NIC,GBR,2018,36
NIC,GBR,2019,82
NIC,GBR,2020,45
NIC,GBR,2021,131
NIC,GBR,2022,220
NIC,GBR,2023,257
NIC,GTM,2008,5
NIC,GTM,2017,7
NIC,GTM,2018,111
NIC,GTM,2019,154
NIC,GTM,2020,67
NIC,GTM,2021,191
NIC,GTM,2022,174
NIC,GTM,2023,241
NIC,HND,2013,57
NIC,HND,2014,6
NIC,HND,2015,6
NIC,HND,2018,88
NIC,HND,2019,94
NIC,HND,2020,53
NIC,HND,2021,60
NIC,HND,2022,100
NIC,HND,2023,28
NIC,IRL,2018,8
NIC,IRL,2019,5
NIC,IRL,2020,5
NIC,IRL,2021,14
NIC,IRL,2022,61
NIC,IRL,2023,71
NIC,ISL,2023,5
NIC,ITA,2012,5
NIC,ITA,2013,11
NIC,ITA,2014,11
NIC,ITA,2015,13
NIC,ITA,2016,10
NIC,ITA,2017,11
NIC,ITA,2018,45
NIC,ITA,2019,57
NIC,ITA,2020,11
NIC,ITA,2021,7
NIC,ITA,2022,36
NIC,ITA,2023,28
NIC,LUX,2019,5
NIC,MEX,2008,9
NIC,MEX,2009,29
NIC,MEX,2010,15
NIC,MEX,2011,6
NIC,MEX,2012,11
NIC,MEX,2013,20
NIC,MEX,2014,24
NIC,MEX,2015,28
NIC,MEX,2016,70
NIC,MEX,2017,62
NIC,MEX,2018,1246
NIC,MEX,2019,2232
NIC,MEX,2020,802
NIC,MEX,2021,2919
NIC,MEX,2022,8984
NIC,MEX,2023,1363
NIC,NLD,2018,23
NIC,NLD,2019,37
NIC,NLD,2020,5
NIC,NLD,2021,5
NIC,NLD,2022,67
NIC,NLD,2023,22
NIC,NOR,2008,5
NIC,NOR,2011,10
NIC,NOR,2018,13
NIC,NOR,2019,16
NIC,NOR,2020,14
NIC,NOR,2022,5
NIC,NOR,2023,24
NIC,PAN,2010,8
NIC,PAN,2011,30
NIC,PAN,2012,6
NIC,PAN,2013,5
NIC,PAN,2014,20
NIC,PAN,2015,273
NIC,PAN,2016,866
NIC,PAN,2017,263
NIC,PAN,2018,2874
NIC,PAN,2019,5319
NIC,PAN,2020,287
NIC,PAN,2021,30
NIC,PAN,2022,202
NIC,PAN,2023,83
NIC,PER,2018,11
NIC,PER,2020,5
NIC,PER,2023,5
NIC,SLV,2018,20
NIC,SLV,2019,14
NIC,SLV,2020,5
NIC,SLV,2021,24
NIC,SLV,2022,22
NIC,SLV,2023,34
NIC,SWE,2008,75
NIC,SWE,2009,83
NIC,SWE,2010,27
NIC,SWE,2011,25
NIC,SWE,2012,22
NIC,SWE,2013,30
NIC,SWE,2014,35
NIC,SWE,2015,24
NIC,SWE,2016,52
NIC,SWE,2017,143
NIC,SWE,2018,397
NIC,SWE,2019,671
NIC,SWE,2020,366
NIC,SWE,2021,67
NIC,SWE,2022,380
NIC,SWE,2023,420
NIC,TTO,2018,5
NIC,URY,2018,12
NIC,URY,2019,6
NIC,USA,2008,266
NIC,USA,2009,223
NIC,USA,2010,241
NIC,USA,2011,312
NIC,USA,2012,280
NIC,USA,2013,259
NIC,USA,2014,353
NIC,USA,2015,387
NIC,USA,2016,518
NIC,USA,2017,864
NIC,USA,2018,1685
NIC,USA,2019,5877
NIC,USA,2020,3894
NIC,USA,2021,4828
NIC,USA,2022,33342
NIC,USA,2023,90902
PAN,BEL,2022,5
PAN,BRA,2019,5
PAN,BRA,2023,5
PAN,CAN,2008,14
PAN,CAN,2009,20
PAN,CAN,2010,15
PAN,CAN,2011,6
PAN,CAN,2012,7
PAN,CAN,2014,9
PAN,CAN,2015,5
PAN,CAN,2017,16
PAN,CAN,2018,18
PAN,CAN,2019,16
PAN,CAN,2021,9
PAN,CAN,2022,46
PAN,CAN,2023,84
PAN,CRI,2015,5
PAN,CRI,2016,5
PAN,CRI,2017,6
PAN,CRI,2018,5
PAN,CRI,2019,9
PAN,CRI,2020,5
PAN,CRI,2021,57
PAN,CRI,2022,57
PAN,CRI,2023,8
PAN,DEU,2021,5
PAN,DEU,2022,17
PAN,DEU,2023,19
PAN,ECU,2018,5
PAN,ECU,2019,5
PAN,ESP,2008,5
PAN,ESP,2009,5
PAN,ESP,2010,5
PAN,ESP,2013,5
PAN,ESP,2014,5
PAN,ESP,2016,5
PAN,ESP,2017,6
PAN,ESP,2018,15
PAN,ESP,2019,52
PAN,ESP,2020,48
PAN,ESP,2021,52
PAN,ESP,2022,90
PAN,ESP,2023,141
PAN,GBR,2022,5
PAN,GBR,2023,8
PAN,IRL,2022,7
PAN,IRL,2023,8
PAN,ITA,2022,6
PAN,ITA,2023,10
PAN,MEX,2015,5
PAN,MEX,2017,5
PAN,MEX,2018,5
PAN,MEX,2019,12
PAN,MEX,2020,66
PAN,MEX,2021,114
PAN,MEX,2022,167
PAN,MEX,2023,50
PAN,NOR,2023,5
PAN,PER,2018,6
PAN,SWE,2008,5
PAN,SWE,2022,13
PAN,USA,2008,5
PAN,USA,2009,6
PAN,USA,2010,16
PAN,USA,2011,5
PAN,USA,2012,21
PAN,USA,2013,11
PAN,USA,2014,12
PAN,USA,2015,11
PAN,USA,2016,24
PAN,USA,2017,31
PAN,USA,2018,34
PAN,USA,2019,41
PAN,USA,2020,31
PAN,USA,2021,66
PAN,USA,2022,378
PAN,USA,2023,895
PER,ARG,2008,17
PER,ARG,2009,30
PER,ARG,2010,25
PER,ARG,2011,5
PER,ARG,2012,11
PER,ARG,2013,5
PER,ARG,2014,5
PER,ARG,2015,5
PER,ARG,2016,5
PER,ARG,2017,6
PER,ARG,2018,12
PER,ARG,2019,12
PER,ARG,2020,13
PER,ARG,2021,44
PER,ARG,2022,18
PER,ARG,2023,13
PER,AUS,2008,7
PER,AUS,2009,5
PER,AUS,2010,5
PER,AUS,2011,30
PER,AUS,2012,15
PER,AUS,2013,13
PER,AUS,2014,22
PER,AUS,2015,10
PER,AUS,2016,26
PER,AUS,2017,21
PER,AUS,2018,8
PER,AUS,2020,9
PER,AUS,2021,11
PER,AUS,2022,64
PER,AUS,2023,31
PER,AUT,2023,12
PER,BEL,2018,10
PER,BEL,2019,8
PER,BEL,2020,32
PER,BEL,2021,55
PER,BEL,2022,109
PER,BEL,2023,243
PER,BOL,2008,5
PER,BOL,2010,5
PER,BOL,2020,21
PER,BOL,2022,5
PER,BOL,2023,5
PER,BRA,2010,6
PER,BRA,2011,12
PER,BRA,2013,6
PER,BRA,2014,7
PER,BRA,2015,5
PER,BRA,2016,5
PER,BRA,2017,33
PER,BRA,2018,53
PER,BRA,2019,49
PER,BRA,2020,79
PER,BRA,2021,23
PER,BRA,2022,268
PER,BRA,2023,402
PER,CAN,2008,194
PER,CAN,2009,138
PER,CAN,2010,94
PER,CAN,2011,106
PER,CAN,2012,86
PER,CAN,2013,19
PER,CAN,2014,22
PER,CAN,2015,52
PER,CAN,2016,57
PER,CAN,2017,83
PER,CAN,2018,144
PER,CAN,2019,203
PER,CAN,2020,62
PER,CAN,2021,100
PER,CAN,2022,1024
PER,CAN,2023,1057
PER,CHE,2018,5
PER,CHE,2021,5
PER,CHE,2022,8
PER,CHE,2023,35
PER,CHL,2008,8
PER,CHL,2010,5
PER,CHL,2016,13
PER,CHL,2017,5
PER,CHL,2021,36
PER,CHL,2023,50
PER,COL,2010,5
PER,COL,2011,5
PER,COL,2012,10
PER,COL,2022,10
PER,CRI,2008,6
PER,CRI,2009,5
PER,CRI,2011,6
PER,CRI,2016,5
PER,CRI,2018,5
PER,CRI,2020,7
PER,CRI,2021,47
PER,CRI,2022,49
PER,CRI,2023,32
PER,DEU,2008,6
PER,DEU,2010,5
PER,DEU,2011,5
PER,DEU,2012,6
PER,DEU,2013,5
PER,DEU,2014,5
PER,DEU,2015,5
PER,DEU,2017,6
PER,DEU,2019,12
PER,DEU,2020,16
PER,DEU,2021,17
PER,DEU,2022,102
PER,DEU,2023,303
PER,DNK,2020,5
PER,DNK,2023,5
PER,ECU,2008,2109
PER,ECU,2009,1438
PER,ECU,2010,999
PER,ECU,2011,91
PER,ECU,2012,53
PER,ECU,2013,21
PER,ECU,2017,19
PER,ECU,2018,6
PER,ECU,2019,18
PER,ECU,2020,16
PER,ECU,2021,32
PER,ECU,2023,13
PER,ESP,2008,5
PER,ESP,2009,5
PER,ESP,2010,5
PER,ESP,2012,5
PER,ESP,2013,7
PER,ESP,2014,6
PER,ESP,2015,11
PER,ESP,2016,32
PER,ESP,2017,198
PER,ESP,2018,532
PER,ESP,2019,3989
PER,ESP,2020,5162
PER,ESP,2021,2356
PER,ESP,2022,8937
PER,ESP,2023,14308
PER,FIN,2019,5
PER,FIN,2022,5
PER,FIN,2023,9
PER,FRA,2008,125
PER,FRA,2009,159
PER,FRA,2010,150
PER,FRA,2011,122
PER,FRA,2012,170
PER,FRA,2013,105
PER,FRA,2014,87
PER,FRA,2015,107
PER,FRA,2016,98
PER,FRA,2017,21
PER,FRA,2018,174
PER,FRA,2019,175
PER,FRA,2020,110
PER,FRA,2021,213
PER,FRA,2022,449
PER,FRA,2023,442
PER,GBR,2009,6
PER,GBR,2013,5
PER,GBR,2020,7
PER,GBR,2021,5
PER,GBR,2022,11
PER,GBR,2023,77
PER,GRC,2015,5
PER,GRC,2019,5
PER,GRC,2020,5
PER,GRC,2021,5
PER,GRC,2022,5
PER,HKG,2011,5
PER,ISL,2019,5
PER,ISL,2023,14
PER,ISR,2020,8
PER,ISR,2022,11
PER,ISR,2023,16
PER,ITA,2008,10
PER,ITA,2009,20
PER,ITA,2010,5
PER,ITA,2012,19
PER,ITA,2013,13
PER,ITA,2014,19
PER,ITA,2015,33
PER,ITA,2016,42
PER,ITA,2017,119
PER,ITA,2018,584
PER,ITA,2019,2427
PER,ITA,2020,735
PER,ITA,2021,612
PER,ITA,2022,2999
PER,ITA,2023,7528
PER,JPN,2010,5
PER,JPN,2011,5
PER,JPN,2012,10
PER,JPN,2014,10
PER,JPN,2015,10
PER,KOR,2017,5
PER,KOR,2018,5
PER,KOR,2019,9
PER,KOR,2020,5
PER,LUX,2023,10
PER,MEX,2009,8
PER,MEX,2010,5
PER,MEX,2015,5
PER,MEX,2017,5
PER,MEX,2018,7
PER,MEX,2019,25
PER,MEX,2020,51
PER,MEX,2021,112
PER,MEX,2022,338
PER,MEX,2023,173
PER,MLT,2019,5
PER,MLT,2020,5
PER,MLT,2023,5
PER,NLD,2008,5
PER,NLD,2016,5
PER,NLD,2019,11
PER,NLD,2020,7
PER,NLD,2021,6
PER,NLD,2022,19
PER,NLD,2023,63
PER,NOR,2013,10
PER,NOR,2017,10
PER,NOR,2018,5
PER,NOR,2019,16
PER,NOR,2020,12
PER,NOR,2023,7
PER,PAN,2011,5
PER,PAN,2015,5
PER,PAN,2017,5
PER,PAN,2018,5
PER,PRT,2023,20
PER,PRY,2019,5
PER,PRY,2020,5
PER,PRY,2021,19
PER,PRY,2022,18
PER,PRY,2023,9
PER,SWE,2008,33
PER,SWE,2009,41
PER,SWE,2010,27
PER,SWE,2011,20
PER,SWE,2012,5
PER,SWE,2013,10
PER,SWE,2014,27
PER,SWE,2015,12
PER,SWE,2016,32
PER,SWE,2017,118
PER,SWE,2018,202
PER,SWE,2019,412
PER,SWE,2020,223
PER,SWE,2021,61
PER,SWE,2022,487
PER,SWE,2023,519
PER,TTO,2020,5
PER,TTO,2022,5
PER,URY,2013,6
PER,URY,2020,5
PER,URY,2021,37
PER,URY,2022,26
PER,URY,2023,33
PER,USA,2008,151
PER,USA,2009,136
PER,USA,2010,191
PER,USA,2011,266
PER,USA,2012,288
PER,USA,2013,284
PER,USA,2014,429
PER,USA,2015,509
PER,USA,2016,826
PER,USA,2017,851
PER,USA,2018,991
PER,USA,2019,1004
PER,USA,2020,618
PER,USA,2021,673
PER,USA,2022,5701
PER,USA,2023,44816
PRY,ARG,2009,5
PRY,ARG,2010,5
PRY,ARG,2012,5
PRY,ARG,2015,5
PRY,ARG,2020,12
PRY,ARG,2021,8
PRY,ARG,2023,11
PRY,BEL,2022,5
PRY,BEL,2023,9
PRY,BRA,2011,7
PRY,BRA,2015,23
PRY,BRA,2017,23
PRY,BRA,2018,33
PRY,BRA,2019,52
PRY,BRA,2020,36
PRY,BRA,2021,5
PRY,BRA,2022,20
PRY,BRA,2023,26
PRY,CAN,2008,6
PRY,CAN,2009,5
PRY,CAN,2010,6
PRY,CAN,2011,5
PRY,CAN,2018,7
PRY,CAN,2019,5
PRY,CAN,2021,5
PRY,CAN,2022,7
PRY,CAN,2023,6
PRY,DEU,2015,5
PRY,DEU,2019,7
PRY,DEU,2022,5
PRY,DEU,2023,10
PRY,ESP,2008,5
PRY,ESP,2010,5
PRY,ESP,2012,5
PRY,ESP,2015,5
PRY,ESP,2016,12
PRY,ESP,2017,13
PRY,ESP,2018,60
PRY,ESP,2019,350
PRY,ESP,2020,367
PRY,ESP,2021,241
PRY,ESP,2022,703
PRY,ESP,2023,1005
PRY,FIN,2019,5
PRY,FRA,2012,5
PRY,FRA,2021,10
PRY,FRA,2022,5
PRY,GBR,2023,5
PRY,GRC,2013,5
PRY,GRC,2019,5
PRY,GRC,2020,5
PRY,GRC,2023,5
PRY,IRL,2023,5
PRY,ITA,2015,5
PRY,ITA,2016,5
PRY,ITA,2017,5
PRY,ITA,2018,17
PRY,ITA,2019,12
PRY,ITA,2021,9
PRY,ITA,2022,22
PRY,ITA,2023,64
PRY,MEX,2022,10
PRY,MEX,2023,5
PRY,SWE,2008,6
PRY,SWE,2010,10
PRY,SWE,2022,10
PRY,URY,2017,6
PRY,URY,2019,5
PRY,URY,2021,5
PRY,URY,2023,5
PRY,USA,2009,10
PRY,USA,2010,5
PRY,USA,2011,5
PRY,USA,2012,10
PRY,USA,2013,14
PRY,USA,2014,12
PRY,USA,2015,7
PRY,USA,2016,19
PRY,USA,2017,20
PRY,USA,2018,17
PRY,USA,2019,30
PRY,USA,2020,23
PRY,USA,2021,11
PRY,USA,2022,44
PRY,USA,2023,111
SLV,ARG,2010,5
SLV,ARG,2011,8
SLV,ARG,2015,5
SLV,ARG,2016,10
SLV,ARG,2017,15
SLV,ARG,2018,19
SLV,ARG,2019,14
SLV,ARG,2020,6
SLV,ARG,2021,5
SLV,ARG,2022,5
SLV,AUS,2008,5
SLV,AUS,2010,204
SLV,AUS,2011,13
SLV,AUS,2015,7
SLV,AUS,2016,18
SLV,AUS,2017,12
SLV,AUS,2020,9
SLV,AUS,2021,5
SLV,AUS,2022,13
SLV,AUS,2023,5
SLV,AUT,2013,5
SLV,BEL,2011,29
SLV,BEL,2012,23
SLV,BEL,2013,8
SLV,BEL,2014,38
SLV,BEL,2015,74
SLV,BEL,2016,76
SLV,BEL,2017,120
SLV,BEL,2018,230
SLV,BEL,2019,474
SLV,BEL,2020,538
SLV,BEL,2021,470
SLV,BEL,2022,654
SLV,BEL,2023,397
SLV,BLZ,2009,5
SLV,BLZ,2010,21
SLV,BLZ,2011,20
SLV,BLZ,2012,41
SLV,BLZ,2013,28
SLV,BLZ,2014,68
SLV,BLZ,2015,440
SLV,BLZ,2016,1145
SLV,BLZ,2017,383
SLV,BLZ,2018,312
SLV,BLZ,2019,367
SLV,BLZ,2020,59
SLV,BLZ,2021,31
SLV,BLZ,2022,93
SLV,BLZ,2023,102
SLV,BRA,2014,9
SLV,BRA,2016,5
SLV,BRA,2017,13
SLV,BRA,2018,5
SLV,BRA,2019,6
SLV,BRA,2020,10
SLV,BRA,2022,12
SLV,BRA,2023,9
SLV,CAN,2008,587
SLV,CAN,2009,528
SLV,CAN,2010,511
SLV,CAN,2011,460
SLV,CAN,2012,368
SLV,CAN,2013,109
SLV,CAN,2014,135
SLV,CAN,2015,194
SLV,CAN,2016,244
SLV,CAN,2017,702
SLV,CAN,2018,556
SLV,CAN,2019,470
SLV,CAN,2020,93
SLV,CAN,2021,140
SLV,CAN,2022,323
SLV,CAN,2023,209
SLV,CHE,2017,17
SLV,CHE,2018,7
SLV,CHE,2019,10
SLV,CHE,2020,14
SLV,CHE,2022,14
SLV,CHE,2023,14
SLV,CHL,2011,5
SLV,CHL,2014,5
SLV,CHL,2015,7
SLV,CHL,2016,14
SLV,CHL,2018,8
SLV,COL,2009,7
SLV,COL,2015,5
SLV,CRI,2008,21
SLV,CRI,2009,49
SLV,CRI,2010,43
SLV,CRI,2011,70
SLV,CRI,2012,148
SLV,CRI,2013,163
SLV,CRI,2014,383
SLV,CRI,2015,920
SLV,CRI,2016,1731
SLV,CRI,2017,2016
SLV,CRI,2018,1506
SLV,CRI,2019,1356
SLV,CRI,2020,418
SLV,CRI,2021,587
SLV,CRI,2022,538
SLV,CRI,2023,79
SLV,DEU,2011,5
SLV,DEU,2014,9
SLV,DEU,2016,15
SLV,DEU,2017,35
SLV,DEU,2018,22
SLV,DEU,2019,79
SLV,DEU,2020,44
SLV,DEU,2021,78
SLV,DEU,2022,207
SLV,DEU,2023,254
SLV,DNK,2015,5
SLV,DNK,2016,5
SLV,DNK,2017,5
SLV,DNK,2018,14
SLV,ECU,2013,11
SLV,ECU,2017,11
SLV,ECU,2018,15
SLV,ECU,2019,10
SLV,ESP,2008,6
SLV,ESP,2009,12
SLV,ESP,2010,35
SLV,ESP,2011,21
SLV,ESP,2012,36
SLV,ESP,2013,23
SLV,ESP,2014,59
SLV,ESP,2015,136
SLV,ESP,2016,444
SLV,ESP,2017,1143
SLV,ESP,2018,2311
SLV,ESP,2019,4784
SLV,ESP,2020,2521
SLV,ESP,2021,859
SLV,ESP,2022,1501
SLV,ESP,2023,1377
SLV,FIN,2013,5
SLV,FIN,2015,5
SLV,FIN,2018,5
SLV,FIN,2019,10
SLV,FIN,2022,14
SLV,FIN,2023,5
SLV,FRA,2011,7
SLV,FRA,2012,5
SLV,FRA,2014,5
SLV,FRA,2015,20
SLV,FRA,2016,11
SLV,FRA,2017,5
SLV,FRA,2018,79
SLV,FRA,2019,38
SLV,FRA,2020,29
SLV,FRA,2021,40
SLV,FRA,2022,70
SLV,FRA,2023,49
SLV,GBR,2012,8
SLV,GBR,2013,20
SLV,GBR,2014,29
SLV,GBR,2015,31
SLV,GBR,2016,104
SLV,GBR,2017,95
SLV,GBR,2018,233
SLV,GBR,2019,1328
SLV,GBR,2020,1143
SLV,GBR,2021,1452
SLV,GBR,2022,1474
SLV,GBR,2023,117
SLV,GRC,2009,5
SLV,GRC,2012,5
SLV,GRC,2015,12
SLV,GRC,2017,6
SLV,GRC,2023,5
SLV,GTM,2010,5
SLV,GTM,2011,7
SLV,GTM,2012,8
SLV,GTM,2013,18
SLV,GTM,2014,49
SLV,GTM,2015,24
SLV,GTM,2016,66
SLV,GTM,2017,93
SLV,GTM,2018,78
SLV,GTM,2019,117
SLV,GTM,2020,140
SLV,GTM,2021,347
SLV,GTM,2022,263
SLV,GTM,2023,188
SLV,HND,2014,5
SLV,HND,2015,5
SLV,HND,2016,9
SLV,HND,2017,8
SLV,HND,2018,7
SLV,HND,2019,7
SLV,HND,2020,6
SLV,HND,2022,14
SLV,HND,2023,5
SLV,IRL,2018,5
SLV,IRL,2019,18
SLV,IRL,2020,21
SLV,IRL,2021,42
SLV,IRL,2022,177
SLV,IRL,2023,166
SLV,ISL,2016,7
SLV,ISL,2017,7
SLV,ISL,2019,5
SLV,ISL,2021,5
SLV,ISL,2022,8
SLV,ISL,2023,15
SLV,ITA,2008,8
SLV,ITA,2009,23
SLV,ITA,2010,44
SLV,ITA,2011,10
SLV,ITA,2012,35
SLV,ITA,2013,44
SLV,ITA,2014,105
SLV,ITA,2015,209
SLV,ITA,2016,1058
SLV,ITA,2017,1303
SLV,ITA,2018,1692
SLV,ITA,2019,2511
SLV,ITA,2020,1049
SLV,ITA,2021,649
SLV,ITA,2022,1221
SLV,ITA,2023,1003
SLV,LUX,2022,9
SLV,MEX,2008,51
SLV,MEX,2009,119
SLV,MEX,2010,159
SLV,MEX,2011,181
SLV,MEX,2012,200
SLV,MEX,2013,308
SLV,MEX,2014,418
SLV,MEX,2015,1475
SLV,MEX,2016,3488
SLV,MEX,2017,3708
SLV,MEX,2018,6186
SLV,MEX,2019,8999
SLV,MEX,2020,4053
SLV,MEX,2021,6037
SLV,MEX,2022,7806
SLV,MEX,2023,6118
SLV,NIC,2010,5
SLV,NIC,2011,5
SLV,NIC,2012,21
SLV,NIC,2013,50
SLV,NIC,2014,105
SLV,NIC,2015,99
SLV,NIC,2016,193
SLV,NIC,2017,98
SLV,NLD,2011,5
SLV,NLD,2013,7
SLV,NLD,2016,19
SLV,NLD,2017,14
SLV,NLD,2018,9
SLV,NLD,2019,34
SLV,NLD,2020,28
SLV,NLD,2021,33
SLV,NLD,2022,80
SLV,NLD,2023,22
SLV,NOR,2010,5
SLV,NOR,2011,32
SLV,NOR,2012,13
SLV,NOR,2013,8
SLV,NOR,2014,25
SLV,NOR,2015,20
SLV,NOR,2016,16
SLV,NOR,2017,19
SLV,NOR,2018,10
SLV,NOR,2020,5
SLV,NOR,2021,10
SLV,NOR,2022,10
SLV,NOR,2023,8
SLV,NZL,2011,5
SLV,PAN,2010,5
SLV,PAN,2011,5
SLV,PAN,2012,16
SLV,PAN,2013,6
SLV,PAN,2014,46
SLV,PAN,2015,155
SLV,PAN,2016,703
SLV,PAN,2017,356
SLV,PAN,2018,410
SLV,PAN,2019,219
SLV,PAN,2020,14
SLV,PAN,2021,18
SLV,PAN,2022,33
SLV,PAN,2023,5
SLV,PER,2012,5
SLV,PER,2013,5
SLV,PER,2018,5
SLV,PER,2019,5
SLV,PRT,2022,5
SLV,PRY,2017,6
SLV,SWE,2008,117
SLV,SWE,2009,97
SLV,SWE,2010,83
SLV,SWE,2011,122
SLV,SWE,2012,62
SLV,SWE,2013,78
SLV,SWE,2014,139
SLV,SWE,2015,201
SLV,SWE,2016,321
SLV,SWE,2017,368
SLV,SWE,2018,390
SLV,SWE,2019,564
SLV,SWE,2020,265
SLV,SWE,2021,87
SLV,SWE,2022,225
SLV,SWE,2023,207
SLV,URY,2012,5
SLV,URY,2014,5
SLV,URY,2018,29
SLV,URY,2019,9
SLV,URY,2023,7
SLV,USA,2008,2789
SLV,USA,2009,2366
SLV,USA,2010,2685
SLV,USA,2011,4324
SLV,USA,2012,4587
SLV,USA,2013,5692
SLV,USA,2014,10093
SLV,USA,2015,18883
SLV,USA,2016,33620
SLV,USA,2017,49726
SLV,USA,2018,35816
SLV,USA,2019,36005
SLV,USA,2020,24801
SLV,USA,2021,15924
SLV,USA,2022,27994
SLV,USA,2023,25193
SUR,BEL,2009,5
SUR,BEL,2010,6
SUR,BEL,2011,16
SUR,BEL,2012,15
SUR,BEL,2013,5
SUR,BEL,2014,5
SUR,BEL,2015,5
SUR,BEL,2016,10
SUR,BEL,2017,5
SUR,BEL,2018,10
SUR,BEL,2019,13
SUR,BEL,2020,44
SUR,BEL,2021,15
SUR,BEL,2022,35
SUR,BEL,2023,53
SUR,BRA,2017,6
SUR,BRA,2019,5
SUR,BRA,2020,5
SUR,BRA,2022,10
SUR,BRA,2023,13
SUR,CAN,2008,5
SUR,CAN,2018,7
SUR,CAN,2021,5
SUR,CAN,2022,10
SUR,CAN,2023,6
SUR,CHE,2012,8
SUR,DEU,2021,5
SUR,FRA,2012,33
SUR,FRA,2013,21
SUR,FRA,2014,22
SUR,FRA,2015,22
SUR,FRA,2016,15
SUR,FRA,2017,5
SUR,FRA,2018,6
SUR,FRA,2019,27
SUR,FRA,2020,29
SUR,FRA,2021,21
SUR,FRA,2022,19
SUR,JOR,2017,7
SUR,LBN,2012,5
SUR,LBN,2013,9
SUR,MEX,2022,15
SUR,MEX,2023,12
SUR,NLD,2009,10
SUR,NLD,2010,5
SUR,NLD,2011,5
SUR,NLD,2012,11
SUR,NLD,2013,5
SUR,NLD,2014,5
SUR,NLD,2015,5
SUR,NLD,2016,8
SUR,NLD,2017,6
SUR,NLD,2018,5
SUR,NLD,2019,5
SUR,NLD,2020,17
SUR,NLD,2021,5
SUR,NLD,2022,9
SUR,NLD,2023,8
SUR,URY,2023,5
SUR,USA,2008,5
SUR,USA,2010,5
SUR,USA,2011,10
SUR,USA,2012,5
SUR,USA,2014,5
SUR,USA,2017,5
SUR,USA,2018,5
SUR,USA,2019,13
SUR,USA,2020,5
SUR,USA,2021,5
SUR,USA,2022,8
SUR,USA,2023,29
TTO,BEL,2022,8
TTO,BEL,2023,5
TTO,BRA,2019,5
TTO,BRA,2022,6
TTO,BRA,2023,14
TTO,BRB,2018,5
TTO,CAN,2008,136
TTO,CAN,2009,96
TTO,CAN,2010,44
TTO,CAN,2011,58
TTO,CAN,2012,28
TTO,CAN,2013,17
TTO,CAN,2014,29
TTO,CAN,2015,18
TTO,CAN,2016,7
TTO,CAN,2017,15
TTO,CAN,2018,32
TTO,CAN,2019,34
TTO,CAN,2020,5
TTO,CAN,2021,23
TTO,CAN,2022,76
TTO,CAN,2023,94
TTO,DEU,2016,5
TTO,DEU,2018,5
TTO,DEU,2019,5
TTO,DEU,2020,6
TTO,DEU,2023,6
TTO,ESP,2017,5
TTO,ESP,2022,6
TTO,GBR,2008,22
TTO,GBR,2009,37
TTO,GBR,2010,15
TTO,GBR,2011,22
TTO,GBR,2012,29
TTO,GBR,2013,40
TTO,GBR,2014,36
TTO,GBR,2015,38
TTO,GBR,2016,48
TTO,GBR,2017,65
TTO,GBR,2018,53
TTO,GBR,2019,88
TTO,GBR,2020,51
TTO,GBR,2021,59
TTO,GBR,2022,155
TTO,GBR,2023,320
TTO,IRL,2019,5
TTO,IRL,2022,5
TTO,MEX,2021,5
TTO,MEX,2022,7
TTO,MEX,2023,5
TTO,NLD,2011,5
TTO,NLD,2013,5
TTO,NLD,2014,8
TTO,NLD,2015,9
TTO,NLD,2016,22
TTO,NLD,2017,33
TTO,NLD,2018,18
TTO,NLD,2019,13
TTO,NLD,2020,5
TTO,NLD,2021,14
TTO,NLD,2022,19
TTO,NLD,2023,7
TTO,SWE,2015,5
TTO,SWE,2023,6
TTO,USA,2008,43
TTO,USA,2009,48
TTO,USA,2010,50
TTO,USA,2011,88
TTO,USA,2012,76
TTO,USA,2013,43
TTO,USA,2014,52
TTO,USA,2015,47
TTO,USA,2016,57
TTO,USA,2017,81
TTO,USA,2018,72
TTO,USA,2019,78
TTO,USA,2020,47
TTO,USA,2021,72
TTO,USA,2022,60
TTO,USA,2023,95
URY,ARG,2010,5
URY,AUS,2015,5
URY,AUS,2017,5
URY,AUS,2022,6
URY,BRA,2016,5
URY,BRA,2017,10
URY,BRA,2018,9
URY,BRA,2019,8
URY,BRA,2020,5
URY,BRA,2022,12
URY,BRA,2023,16
URY,CAN,2008,27
URY,CAN,2009,18
URY,CAN,2010,17
URY,CAN,2011,21
URY,CAN,2012,5
URY,CAN,2015,5
URY,CAN,2017,6
URY,CAN,2018,8
URY,CAN,2019,9
URY,CAN,2021,11
URY,CAN,2022,15
URY,CAN,2023,19
URY,CRI,2021,5
URY,CRI,2022,5
URY,DEU,2016,5
URY,ESP,2016,5
URY,ESP,2017,13
URY,ESP,2018,25
URY,ESP,2019,105
URY,ESP,2020,157
URY,ESP,2021,127
URY,ESP,2022,103
URY,ESP,2023,187
URY,IRL,2023,5
URY,ITA,2011,5
URY,ITA,2017,5
URY,ITA,2019,5
URY,ITA,2020,11
URY,ITA,2021,11
URY,ITA,2022,6
URY,ITA,2023,7
URY,MEX,2017,5
URY,MEX,2019,13
URY,MEX,2020,9
URY,MEX,2021,59
URY,MEX,2022,41
URY,MEX,2023,19
URY,NZL,2018,5
URY,NZL,2020,5
URY,NZL,2021,5
URY,NZL,2023,10
URY,PER,2018,5
URY,PRY,2021,6
URY,SWE,2016,5
URY,SWE,2017,5
URY,SWE,2019,5
URY,USA,2008,14
URY,USA,2009,5
URY,USA,2010,20
URY,USA,2011,15
URY,USA,2012,15
URY,USA,2013,8
URY,USA,2014,19
URY,USA,2015,18
URY,USA,2016,33
URY,USA,2017,42
URY,USA,2018,33
URY,USA,2019,42
URY,USA,2020,29
URY,USA,2021,25
URY,USA,2022,148
URY,USA,2023,201
VCT,AUS,2016,5
VCT,CAN,2008,498
VCT,CAN,2009,651
VCT,CAN,2010,710
VCT,CAN,2011,682
VCT,CAN,2012,353
VCT,CAN,2013,74
VCT,CAN,2014,55
VCT,CAN,2015,50
VCT,CAN,2016,24
VCT,CAN,2017,30
VCT,CAN,2018,20
VCT,CAN,2019,32
VCT,CAN,2020,12
VCT,CAN,2021,27
VCT,CAN,2022,38
VCT,CAN,2023,42
VCT,FRA,2019,5
VCT,GBR,2009,5
VCT,GBR,2010,5
VCT,GBR,2011,10
VCT,GBR,2012,5
VCT,GBR,2013,5
VCT,GBR,2014,7
VCT,GBR,2015,10
VCT,GBR,2016,23
VCT,GBR,2017,12
VCT,GBR,2018,23
VCT,GBR,2019,14
VCT,GBR,2020,14
VCT,GBR,2021,21
VCT,GBR,2022,32
VCT,GBR,2023,79
VCT,TTO,2022,5
VCT,USA,2012,10
VCT,USA,2014,5
VCT,USA,2016,5
VCT,USA,2017,5
VCT,USA,2019,5
VCT,USA,2022,5
VCT,USA,2023,5
VEN,ABW,2016,5
VEN,ABW,2017,144
VEN,ABW,2018,381
VEN,ALB,2017,5
VEN,ARG,2009,5
VEN,ARG,2014,5
VEN,ARG,2016,57
VEN,ARG,2017,140
VEN,ARG,2018,883
VEN,ARG,2019,2162
VEN,ARG,2020,1159
VEN,ARG,2021,1904
VEN,ARG,2022,173
VEN,ARG,2023,129
VEN,AUS,2009,7
VEN,AUS,2013,5
VEN,AUS,2014,9
VEN,AUS,2015,23
VEN,AUS,2016,19
VEN,AUS,2017,71
VEN,AUS,2018,76
VEN,AUS,2019,207
VEN,AUS,2020,151
VEN,AUS,2021,39
VEN,AUS,2022,56
VEN,AUS,2023,53
VEN,AUT,2015,5
VEN,AUT,2016,12
VEN,AUT,2017,17
VEN,AUT,2018,9
VEN,AUT,2019,25
VEN,AUT,2020,34
VEN,AUT,2021,26
VEN,AUT,2022,71
VEN,AUT,2023,61
VEN,BEL,2010,5
VEN,BEL,2011,10
VEN,BEL,2014,22
VEN,BEL,2015,19
VEN,BEL,2016,45
VEN,BEL,2017,190
VEN,BEL,2018,410
VEN,BEL,2019,333
VEN,BEL,2020,193
VEN,BEL,2021,195
VEN,BEL,2022,425
VEN,BEL,2023,508
VEN,BGR,2020,5
VEN,BGR,2023,5
VEN,BOL,2019,870
VEN,BOL,2020,841
VEN,BOL,2021,21
VEN,BOL,2023,5
VEN,BRA,2010,5
VEN,BRA,2011,8
VEN,BRA,2013,10
VEN,BRA,2014,122
VEN,BRA,2015,868
VEN,BRA,2016,3375
VEN,BRA,2017,17865
VEN,BRA,2018,61621
VEN,BRA,2019,48456
VEN,BRA,2020,13011
VEN,BRA,2021,4731
VEN,BRA,2022,34073
VEN,BRA,2023,29327
VEN,BRB,2019,5
VEN,CAN,2008,170
VEN,CAN,2009,180
VEN,CAN,2010,149
VEN,CAN,2011,111
VEN,CAN,2012,99
VEN,CAN,2013,31
VEN,CAN,2014,164
VEN,CAN,2015,283
VEN,CAN,2016,566
VEN,CAN,2017,1263
VEN,CAN,2018,1351
VEN,CAN,2019,1298
VEN,CAN,2020,331
VEN,CAN,2021,553
VEN,CAN,2022,2022
VEN,CAN,2023,3100
VEN,CHE,2013,5
VEN,CHE,2016,5
VEN,CHE,2017,24
VEN,CHE,2018,42
VEN,CHE,2019,41
VEN,CHE,2020,13
VEN,CHE,2021,45
VEN,CHE,2022,45
VEN,CHE,2023,72
VEN,CHL,2015,14
VEN,CHL,2016,246
VEN,CHL,2017,1345
VEN,CHL,2018,1666
VEN,CHL,2019,226
VEN,CHL,2020,394
VEN,CHL,2021,2065
VEN,CHL,2022,3430
VEN,CHL,2023,2266
VEN,COL,2008,8
VEN,COL,2009,12
VEN,COL,2010,6
VEN,COL,2011,11
VEN,COL,2012,10
VEN,COL,2013,26
VEN,COL,2014,52
VEN,COL,2015,138
VEN,COL,2016,316
VEN,COL,2017,582
VEN,COL,2018,2592
VEN,COL,2019,10479
VEN,COL,2020,11832
VEN,COL,2021,15811
VEN,COL,2022,5184
VEN,COL,2023,5613
VEN,CRI,2008,65
VEN,CRI,2009,53
VEN,CRI,2010,56
VEN,CRI,2011,40
VEN,CRI,2012,13
VEN,CRI,2013,31
VEN,CRI,2014,140
VEN,CRI,2015,319
VEN,CRI,2016,1545
VEN,CRI,2017,3344
VEN,CRI,2018,3075
VEN,CRI,2019,2989
VEN,CRI,2020,1009
VEN,CRI,2021,3252
VEN,CRI,2022,5779
VEN,CRI,2023,1983
VEN,CUW,2015,5
VEN,CUW,2016,13
VEN,CUW,2017,663
VEN,CUW,2018,14
VEN,CUW,2019,39
VEN,CYP,2019,5
VEN,CZE,2018,6
VEN,CZE,2019,33
VEN,CZE,2020,6
VEN,CZE,2021,5
VEN,CZE,2022,5
VEN,CZE,2023,18
VEN,DEU,2008,5
VEN,DEU,2009,5
VEN,DEU,2012,5
VEN,DEU,2013,8
VEN,DEU,2014,7
VEN,DEU,2015,20
VEN,DEU,2016,88
VEN,DEU,2017,208
VEN,DEU,2018,604
VEN,DEU,2019,732
VEN,DEU,2020,574
VEN,DEU,2021,590
VEN,DEU,2022,2619
VEN,DEU,2023,5290
VEN,DNK,2010,5
VEN,DNK,2012,5
VEN,DNK,2016,8
VEN,DNK,2017,12
VEN,DNK,2018,23
VEN,DNK,2019,15
VEN,DNK,2020,13
VEN,DNK,2021,5
VEN,DNK,2022,10
VEN,DNK,2023,5
VEN,DOM,2016,19
VEN,DOM,2017,32
VEN,DOM,2018,22
VEN,DOM,2019,179
VEN,DOM,2020,47
VEN,DOM,2021,5
VEN,DOM,2022,1286
VEN,DOM,2023,611
VEN,ECU,2008,6
VEN,ECU,2009,15
VEN,ECU,2010,36
VEN,ECU,2011,13
VEN,ECU,2012,5
VEN,ECU,2013,13
VEN,ECU,2017,1530
VEN,ECU,2018,11350
VEN,ECU,2019,15443
VEN,ECU,2020,4275
VEN,ECU,2021,5719
VEN,ECU,2022,497
VEN,ECU,2023,1078
VEN,ESP,2008,48
VEN,ESP,2009,29
VEN,ESP,2010,19
VEN,ESP,2011,52
VEN,ESP,2012,28
VEN,ESP,2013,35
VEN,ESP,2014,124
VEN,ESP,2015,596
VEN,ESP,2016,4196
VEN,ESP,2017,10622
VEN,ESP,2018,20015
VEN,ESP,2019,40906
VEN,ESP,2020,28365
VEN,ESP,2021,15995
VEN,ESP,2022,45748
VEN,ESP,2023,60534
VEN,EST,2017,6
VEN,FIN,2011,5
VEN,FIN,2014,5
VEN,FIN,2016,5
VEN,FIN,2017,10
VEN,FIN,2018,5
VEN,FIN,2019,9
VEN,FIN,2020,5
VEN,FIN,2021,6
VEN,FIN,2022,5
VEN,FIN,2023,46
VEN,FRA,2011,16
VEN,FRA,2012,16
VEN,FRA,2013,19
VEN,FRA,2014,35
VEN,FRA,2015,52
VEN,FRA,2016,294
VEN,FRA,2017,400
VEN,FRA,2018,700
VEN,FRA,2019,1012
VEN,FRA,2020,580
VEN,FRA,2021,732
VEN,FRA,2022,1193
VEN,FRA,2023,933
VEN,GBR,2009,6
VEN,GBR,2010,20
VEN,GBR,2011,20
VEN,GBR,2012,6
VEN,GBR,2013,10
VEN,GBR,2014,53
VEN,GBR,2015,20
VEN,GBR,2016,30
VEN,GBR,2017,41
VEN,GBR,2018,49
VEN,GBR,2019,38
VEN,GBR,2020,19
VEN,GBR,2021,15
VEN,GBR,2022,21
VEN,GBR,2023,15
VEN,GRC,2016,11
VEN,GRC,2017,27
VEN,GRC,2018,39
VEN,GRC,2019,30
VEN,GRC,2020,16
VEN,GRC,2021,5
VEN,GRC,2022,18
VEN,GRC,2023,16
VEN,GTM,2016,6
VEN,GTM,2017,16
VEN,GTM,2018,17
VEN,GTM,2019,40
VEN,GTM,2020,38
VEN,GTM,2021,65
VEN,GTM,2022,129
VEN,GTM,2023,192
VEN,GUY,2019,5
VEN,GUY,2022,8
VEN,HND,2017,5
VEN,HND,2021,17
VEN,HND,2022,24
VEN,HND,2023,43
VEN,IDN,2020,5
VEN,IND,2019,9
VEN,IRL,2010,5
VEN,IRL,2014,42
VEN,IRL,2015,15
VEN,IRL,2016,39
VEN,IRL,2017,30
VEN,IRL,2018,54
VEN,IRL,2019,93
VEN,IRL,2020,37
VEN,IRL,2021,29
VEN,IRL,2022,31
VEN,IRL,2023,23
VEN,ISL,2018,14
VEN,ISL,2019,180
VEN,ISL,2020,109
VEN,ISL,2021,387
VEN,ISL,2022,1261
VEN,ISL,2023,2272
VEN,ITA,2011,9
VEN,ITA,2012,10
VEN,ITA,2013,13
VEN,ITA,2014,25
VEN,ITA,2015,44
VEN,ITA,2016,142
VEN,ITA,2017,504
VEN,ITA,2018,979
VEN,ITA,2019,1540
VEN,ITA,2020,829
VEN,ITA,2021,464
VEN,ITA,2022,1352
VEN,ITA,2023,1426
VEN,JOR,2019,5
VEN,KGZ,2021,5
VEN,KOR,2017,5
VEN,KOR,2018,5
VEN,KOR,2019,12
VEN,KOR,2020,8
VEN,KOR,2021,7
VEN,LBN,2020,5
VEN,LUX,2018,10
VEN,LUX,2019,65
VEN,LUX,2020,44
VEN,LUX,2021,35
VEN,LUX,2022,84
VEN,LUX,2023,144
VEN,MEX,2010,6
VEN,MEX,2014,41
VEN,MEX,2015,57
VEN,MEX,2016,361
VEN,MEX,2017,4042
VEN,MEX,2018,6344
VEN,MEX,2019,7665
VEN,MEX,2020,3292
VEN,MEX,2021,6223
VEN,MEX,2022,14915
VEN,MEX,2023,5518
VEN,MLT,2015,15
VEN,MLT,2016,18
VEN,MLT,2017,44
VEN,MLT,2018,56
VEN,MLT,2019,33
VEN,MLT,2020,38
VEN,MLT,2021,25
VEN,MLT,2022,16
VEN,MLT,2023,7
VEN,MNE,2020,5
VEN,NLD,2009,6
VEN,NLD,2010,6
VEN,NLD,2013,5
VEN,NLD,2014,5
VEN,NLD,2015,5
VEN,NLD,2016,27
VEN,NLD,2017,77
VEN,NLD,2018,156
VEN,NLD,2019,197
VEN,NLD,2020,105
VEN,NLD,2021,94
VEN,NLD,2022,193
VEN,NLD,2023,175
VEN,NOR,2010,5
VEN,NOR,2014,10
VEN,NOR,2016,8
VEN,NOR,2017,22
VEN,NOR,2018,28
VEN,NOR,2019,34
VEN,NOR,2020,28
VEN,NOR,2021,40
VEN,NOR,2022,97
VEN,NOR,2023,128
VEN,NZL,2017,5
VEN,PAN,2008,5
VEN,PAN,2009,5
VEN,PAN,2010,9
VEN,PAN,2011,12
VEN,PAN,2012,18
VEN,PAN,2013,12
VEN,PAN,2014,88
VEN,PAN,2015,261
VEN,PAN,2016,837
VEN,PAN,2017,4430
VEN,PAN,2018,4549
VEN,PAN,2019,1058
VEN,PAN,2020,137
VEN,PAN,2021,103
VEN,PAN,2022,114
VEN,PAN,2023,21
VEN,PER,2009,14
VEN,PER,2010,5
VEN,PER,2011,5
VEN,PER,2012,10
VEN,PER,2013,5
VEN,PER,2014,65
VEN,PER,2015,181
VEN,PER,2016,3602
VEN,PER,2017,33149
VEN,PER,2018,190469
VEN,PER,2019,258636
VEN,PER,2020,51714
VEN,PER,2021,1458
VEN,PER,2022,894
VEN,PER,2023,7861
VEN,POL,2020,14
VEN,POL,2023,5
VEN,PRT,2016,16
VEN,PRT,2017,35
VEN,PRT,2018,40
VEN,PRT,2019,96
VEN,PRT,2020,14
VEN,PRT,2021,14
VEN,PRT,2022,26
VEN,PRT,2023,56
VEN,PRY,2016,6
VEN,PRY,2017,12
VEN,PRY,2018,102
VEN,PRY,2019,649
VEN,PRY,2020,1288
VEN,PRY,2021,1809
VEN,PRY,2022,927
VEN,PRY,2023,669
VEN,ROU,2018,5
VEN,ROU,2020,5
VEN,RUS,2017,10
VEN,SLV,2020,15
VEN,SLV,2021,21
VEN,SLV,2022,8
VEN,SLV,2023,91
VEN,SUR,2018,38
VEN,SUR,2019,183
VEN,SUR,2020,76
VEN,SUR,2021,85
VEN,SUR,2022,100
VEN,SUR,2023,61
VEN,SWE,2008,18
VEN,SWE,2009,14
VEN,SWE,2010,17
VEN,SWE,2011,10
VEN,SWE,2012,12
VEN,SWE,2013,22
VEN,SWE,2014,56
VEN,SWE,2015,47
VEN,SWE,2016,119
VEN,SWE,2017,175
VEN,SWE,2018,189
VEN,SWE,2019,361
VEN,SWE,2020,214
VEN,SWE,2021,80
VEN,SWE,2022,125
VEN,SWE,2023,170
VEN,SXM,2020,8
VEN,SXM,2023,10
VEN,TTO,2015,5
VEN,TTO,2016,31
VEN,TTO,2017,1125
VEN,TTO,2018,7073
VEN,TTO,2019,8316
VEN,TTO,2020,3244
VEN,TTO,2021,2130
VEN,TTO,2022,2775
VEN,URY,2015,5
VEN,URY,2017,38
VEN,URY,2018,40
VEN,URY,2019,507
VEN,URY,2020,398
VEN,URY,2021,1731
VEN,URY,2022,1363
VEN,URY,2023,1051
VEN,USA,2008,709
VEN,USA,2009,430
VEN,USA,2010,584
VEN,USA,2011,764
VEN,USA,2012,716
VEN,USA,2013,897
VEN,USA,2014,3117
VEN,USA,2015,7369
VEN,USA,2016,18312
VEN,USA,2017,30228
VEN,USA,2018,33756
VEN,USA,2019,35579
VEN,USA,2020,28380
VEN,USA,2021,29329
VEN,USA,2022,142393
VEN,USA,2023,186494
VEN,ZAF,2019,10
